OBJECTID,CONAME,ADDR,CITY,STATE_NAME,STATE,ZIP,ZIP4,NAICS,NAICS_ALL,SIC,SIC_ALL,INDUSTRY_DESC,AFFILIATE,BRAND,HQNAME,LOC_CONF,PLACETYPE,SQFOOTAGE,MIN_SQFT,MAX_SQFT,EMPNUM,SALESVOL,SOURCE,ESRI_PID,DESC_,LATITUDE,LONGITUDE,CreationDate,Creator,EditDate,Editor
1,Trader Joe's,E Imperial Hwy,Brea,California,CA,92821,6132,44511003,"44511003, 44532005, 44511006",541105,"541105, 592103, 541107","Grocers-Retail, Wines-Retail, Grocers-Ethnic Foods",,,Trader Joe's,Very High,Branch,10000 - 19999,10000.0,19999.0,54,14934000,Data Axle,b30252a2b8579658f57eaae64da09589,"CONAME, Brea, California",33.91060100033851,-117.87062900033357,1756054378117,Synapse54,1756054378117,Synapse54
2,Trader Joe's,S Victoria Ave,Ventura,California,CA,93003,6578,44511003,"44511003, 44532005, 44511006",541105,"541105, 592103, 541107","Grocers-Retail, Wines-Retail, Grocers-Ethnic Foods",,,Trader Joe's,Very High,Branch,10000 - 19999,10000.0,19999.0,115,33610000,Data Axle,65d56408b2532a1ac958e5e7a425651c,"CONAME, Ventura, California",34.257261999736635,-119.21178600020932,1756054378117,Synapse54,1756054378117,Synapse54
3,Trader Joe's,National Blvd,Los Angeles,California,CA,90064,4123,44511003,"44511003, 44532005, 44511006",541105,"541105, 592103, 541107","Grocers-Retail, Wines-Retail, Grocers-Ethnic Foods",,,Trader Joe's,Very High,Branch,10000 - 19999,10000.0,19999.0,90,23749000,Data Axle,e480eeda60ad5ed418cb26a5cb31cf2d,"CONAME, Los Angeles, California",34.02992399992297,-118.42140099958625,1756054378117,Synapse54,1756054378117,Synapse54
4,Trader Joe's,S Elena Ave,Redondo Beach,California,CA,90277,5792,44511003,"44511003, 44532005, 44511006",541105,"541105, 592103, 541107","Grocers-Retail, Wines-Retail, Grocers-Ethnic Foods",,,Trader Joe's,High,Branch,10000 - 19999,10000.0,19999.0,78,20582000,Data Axle,94ead27eb63c9fb2f0125dab024f4c09,"CONAME, Redondo Beach, California",33.81835895016595,-118.3855377902637,1756054378117,Synapse54,1756054378117,Synapse54
5,Trader Joe's,Balboa Blvd,Granada Hills,California,CA,91344,4203,44511003,"44511003, 44532005, 44511006",541105,"541105, 592103, 541107","Grocers-Retail, Wines-Retail, Grocers-Ethnic Foods",,,Trader Joe's,Very High,Branch,10000 - 19999,10000.0,19999.0,60,15833000,Data Axle,5f8a4f819005d7e63887169e0d6334a3,"CONAME, Granada Hills, California",34.27298099995619,-118.50043500016696,1756054378117,Synapse54,1756054378117,Synapse54
6,Trader Joe's,Riverside Dr,Sherman Oaks,California,CA,91423,2393,44511003,"44511003, 44532005, 44511006",541105,"541105, 592103, 541107","Grocers-Retail, Wines-Retail, Grocers-Ethnic Foods",,,Trader Joe's,Very High,Branch,10000 - 19999,10000.0,19999.0,108,28498000,Data Axle,0ebeafae647551b8f2e33b4760ea1133,"CONAME, Sherman Oaks, California",34.15797899994202,-118.44082350039535,1756054378117,Synapse54,1756054378117,Synapse54
7,Trader Joe's,9th St,San Francisco,California,CA,94103,4434,44511003,"44511003, 44532005, 44511006",541105,"541105, 592103, 541107","Grocers-Retail, Wines-Retail, Grocers-Ethnic Foods",,,Trader Joe's,Very High,Branch,10000 - 19999,10000.0,19999.0,140,37412000,Data Axle,87c6c241cf65cee8863a4c57469dbec4,"CONAME, San Francisco, California",37.77101399999938,-122.40732600012365,1756054378117,Synapse54,1756054378117,Synapse54
8,Trader Joe's,Foothill Blvd,La Canada Flintridge,California,CA,91011,3555,44511003,"44511003, 44532005, 44511006",541105,"541105, 592103, 541107","Grocers-Retail, Wines-Retail, Grocers-Ethnic Foods",,,Trader Joe's,Very High,Branch,10000 - 19999,10000.0,19999.0,50,13194000,Data Axle,109dec0887a22d300edb03e6c2142106,"CONAME, La Canada Flintridge, California",34.19998700004701,-118.18841100012456,1756054378117,Synapse54,1756054378117,Synapse54
9,Trader Joe's,S Shore Ctr,Alameda,California,CA,94501,8073,44511003,"44511003, 72251117, 44532005, 44511006",541105,"541105, 581208, 592103, 541107","Grocers-Retail, Restaurants, Wines-Retail, Grocers-Ethnic Foods",,,Trader Joe's,Very High,Branch,10000 - 19999,10000.0,19999.0,80,22049000,Data Axle,af331410d00f474ac3049f388e90f41d,"CONAME, Alameda, California",37.757541000142815,-122.25166200025697,1756054378117,Synapse54,1756054378117,Synapse54
10,Trader Joe's,Hawthorne Blvd,Torrance,California,CA,90503,1553,44511003,"44511003, 44532005, 44511006",541105,"541105, 592103, 541107","Grocers-Retail, Wines-Retail, Grocers-Ethnic Foods",,,Trader Joe's,Very High,Branch,10000 - 19999,10000.0,19999.0,60,15833000,Data Axle,ca1e087da5ad120f8a8c3acdd0916f64,"CONAME, Torrance, California",33.85226999994978,-118.35325700031045,1756054378117,Synapse54,1756054378117,Synapse54
11,Trader Joe's,Redwood Rd,Castro Valley,California,CA,94546,7110,44511003,"44511003, 45511003, 44532005, 44511006",541105,"541105, 531104, 592103, 541107","Grocers-Retail, Retail Shops, Wines-Retail, Grocers-Ethnic Foods",,,Trader Joe's,Very High,Branch,10000 - 19999,10000.0,19999.0,90,24805000,Data Axle,c2cb78cf4d15e54673ee0c4981f93ce3,"CONAME, Castro Valley, California",37.68538499972922,-122.07300599978234,1756054378117,Synapse54,1756054378117,Synapse54
12,Trader Joe's,S Bristol St,Santa Ana,California,CA,92704,7245,44511003,"44511003, 44532005, 44511006, 44532004",541105,"541105, 592103, 541107, 592102","Grocers-Retail, Wines-Retail, Grocers-Ethnic Foods, Liquors-Retail",,,Trader Joe's,Very High,Branch,10000 - 19999,10000.0,19999.0,50,13828000,Data Axle,79da52b553bf97041949c0d4b1b08c36,"CONAME, Santa Ana, California",33.70096299995989,-117.88481700001581,1756054378117,Synapse54,1756054378117,Synapse54
13,Trader Joe's,N Mcdowell Blvd,Petaluma,California,CA,94954,2304,44511003,"44511003, 44532005, 44511006",541105,"541105, 592103, 541107","Grocers-Retail, Wines-Retail, Grocers-Ethnic Foods",,,Trader Joe's,Very High,Branch,10000 - 19999,10000.0,19999.0,71,18181000,Data Axle,cf1537a78aca6fc1fd952742f1fa278f,"CONAME, Petaluma, California",38.24837300006732,-122.62823699984845,1756054378117,Synapse54,1756054378117,Synapse54
14,Trader Joe's,Broadway,Millbrae,California,CA,94030,1910,44511003,"44511003, 44532005, 44511006",541105,"541105, 592103, 541107","Grocers-Retail, Wines-Retail, Grocers-Ethnic Foods",,,Trader Joe's,Very High,Branch,10000 - 19999,10000.0,19999.0,80,22428000,Data Axle,75aa2a14e860791846e3d89f5ec0b477,"CONAME, Millbrae, California",37.60347700003697,-122.3957350002834,1756054378117,Synapse54,1756054378117,Synapse54
15,Trader Joe's,S Lake Ave,Pasadena,California,CA,91101,5044,44511003,"44511003, 44532005, 44511006",541105,"541105, 592103, 541107","Grocers-Retail, Wines-Retail, Grocers-Ethnic Foods",,,Trader Joe's,Very High,Branch,10000 - 19999,10000.0,19999.0,55,14513000,Data Axle,0ccb2a2244d8a31b68dc433a7ba89861,"CONAME, Pasadena, California",34.140002999935206,-118.13313999990571,1756054378117,Synapse54,1756054378117,Synapse54
16,Trader Joe's,E Alameda Ave,Burbank,California,CA,91502,1508,44511003,"44511003, 44532005, 44511006",541105,"541105, 592103, 541107","Grocers-Retail, Wines-Retail, Grocers-Ethnic Foods",,,Trader Joe's,High,Branch,40000 - 99999,40000.0,99999.0,70,18471000,Data Axle,5fe84bc31df353596e97edfc7d28880a,"CONAME, Burbank, California",34.17473199976815,-118.29945300015451,1756054378117,Synapse54,1756054378117,Synapse54
17,Trader Joe's,Santa Monica Blvd,West Hollywood,California,CA,90069,4109,44511003,"44511003, 44532005, 44511006",541105,"541105, 592103, 541107","Grocers-Retail, Wines-Retail, Grocers-Ethnic Foods",,,Trader Joe's,Very High,Branch,10000 - 19999,10000.0,19999.0,70,18471000,Data Axle,ad275d15e15e7207dad96d5ff4432f28,"CONAME, West Hollywood, California",34.088071999918085,-118.37981900018062,1756054378117,Synapse54,1756054378117,Synapse54
18,Trader Joe's,N Rosemead Blvd,Pasadena,California,CA,91107,3044,44511003,"44511003, 44532005, 44511006",541105,"541105, 592103, 541107","Grocers-Retail, Wines-Retail, Grocers-Ethnic Foods",,,Trader Joe's,Very High,Branch,10000 - 19999,10000.0,19999.0,80,21110000,Data Axle,0777ba019402c944f711c7c1e7bd876e,"CONAME, Pasadena, California",34.15374500028919,-118.07821299964341,1756054378117,Synapse54,1756054378117,Synapse54
19,Trader Joe's,Santa Rosa Ave,Santa Rosa,California,CA,95407,7691,44511003,"44511003, 44532005, 44511006",541105,"541105, 592103, 541107","Grocers-Retail, Wines-Retail, Grocers-Ethnic Foods",,,Trader Joe's,Very High,Branch,10000 - 19999,10000.0,19999.0,140,35849000,Data Axle,d6512149995762b073cb6c9dfbff0462,"CONAME, Santa Rosa, California",38.417488999729514,-122.71212700000432,1756054378117,Synapse54,1756054378117,Synapse54
20,Trader Joe's,El Cerrito Plz,El Cerrito,California,CA,94530,4003,44511003,"44511003, 44532005, 44511006",541105,"541105, 592103, 541107","Grocers-Retail, Wines-Retail, Grocers-Ethnic Foods",,,Trader Joe's,Very High,Branch,10000 - 19999,10000.0,19999.0,100,28437000,Data Axle,b89ab26d83801ad29cb37d48999345cb,"CONAME, El Cerrito, California",37.89892699974447,-122.29981900009409,1756054378117,Synapse54,1756054378117,Synapse54
21,Trader Joe's,Bel Aire Plz,Napa,California,CA,94558,2831,44511003,"44511003, 44532005, 44511006",541105,"541105, 592103, 541107","Grocers-Retail, Wines-Retail, Grocers-Ethnic Foods",,,Trader Joe's,Very High,Branch,10000 - 19999,10000.0,19999.0,80,21391000,Data Axle,8eb39e05b6ff5bb6d454dbcef0b3d022,"CONAME, Napa, California",38.3227969997444,-122.30584700017943,1756054378117,Synapse54,1756054378117,Synapse54
22,Trader Joe's,Homestead Rd,Los Altos,California,CA,94024,7300,44511003,"44511003, 44532005, 44511006",541105,"541105, 592103, 541107","Grocers-Retail, Wines-Retail, Grocers-Ethnic Foods",,,Trader Joe's,Very High,Branch,10000 - 19999,10000.0,19999.0,55,14520000,Data Axle,e58177efc414f546244d7fdf38126fa4,"CONAME, Los Altos, California",37.33662699982372,-122.06768999989964,1756054378117,Synapse54,1756054378117,Synapse54
23,Trader Joe's,Los Gatos Blvd,Los Gatos,California,CA,95032,2514,44511003,"44511003, 44532005, 44511006",541105,"541105, 592103, 541107","Grocers-Retail, Wines-Retail, Grocers-Ethnic Foods",,,Trader Joe's,Very High,Branch,10000 - 19999,10000.0,19999.0,60,15840000,Data Axle,c6ada48604eacecd9c6aec6df66599c0,"CONAME, Los Gatos, California",37.2444280002575,-121.95807399992472,1756054378117,Synapse54,1756054378117,Synapse54
24,Trader Joe's,Yorba Linda Blvd,Yorba Linda,California,CA,92886,3528,44511003,"44511003, 44532005, 44511006",541105,"541105, 592103, 541107","Grocers-Retail, Wines-Retail, Grocers-Ethnic Foods",,,Trader Joe's,Very High,Branch,10000 - 19999,10000.0,19999.0,100,27655000,Data Axle,51d30b4db22025b37a9c7b5870d1b4f4,"CONAME, Yorba Linda, California",33.88974500018165,-117.79228299966604,1756054378117,Synapse54,1756054378117,Synapse54
25,Trader Joe's,Folsom Blvd,Sacramento,California,CA,95819,4441,44511003,"44511003, 44532005, 44511006",541105,"541105, 592103, 541107","Grocers-Retail, Wines-Retail, Grocers-Ethnic Foods",,,Trader Joe's,Very High,Branch,10000 - 19999,10000.0,19999.0,95,26800000,Data Axle,e989c5f3b59754345c6d127213312ccc,"CONAME, Sacramento, California",38.56048500023524,-121.44474999985258,1756054378117,Synapse54,1756054378117,Synapse54
26,Trader Joe's,N Willow Ave,Clovis,California,CA,93611,4415,44511003,"44511003, 44532005, 44511006",541105,"541105, 592103, 541107","Grocers-Retail, Wines-Retail, Grocers-Ethnic Foods",,,Trader Joe's,Very High,Branch,10000 - 19999,10000.0,19999.0,50,14025000,Data Axle,485750fbace8388ddc8c4147c184b596,"CONAME, Clovis, California",36.849254000138814,-119.72842799964859,1756054378117,Synapse54,1756054378117,Synapse54
27,Trader Joe's,De La Vina St,Santa Barbara,California,CA,93105,3311,44511003,"44511003, 44532005, 44511006",541105,"541105, 592103, 541107","Grocers-Retail, Wines-Retail, Grocers-Ethnic Foods",,,Trader Joe's,Very High,Branch,10000 - 19999,10000.0,19999.0,95,29018000,Data Axle,6bb77217a6a9889ba0f76a7c6926b554,"CONAME, Santa Barbara, California",34.43890599998714,-119.72893900000976,1756054378117,Synapse54,1756054378117,Synapse54
28,Trader Joe's,10 Th St W,Palmdale,California,CA,93551,3750,44511003,"44511003, 44532005, 44511006",541105,"541105, 592103, 541107","Grocers-Retail, Wines-Retail, Grocers-Ethnic Foods",,,Trader Joe's,High,Branch,10000 - 19999,10000.0,19999.0,55,14513000,Data Axle,d99f34fb7a7fed1d8a0d1ecb6e468745,"CONAME, Palmdale, California",34.60060200035933,-118.14786499988834,1756054378117,Synapse54,1756054378117,Synapse54
29,Trader Joe's,Marguerite Pkwy,Mission Viejo,California,CA,92692,2922,44511003,"44511003, 42441009, 44532005, 44511006",541105,"541105, 514109, 592103, 541107","Grocers-Retail, Markets & Grocers Equip & Supls (Whls), Wines-Retail, Grocers-Ethnic Foods",,,Trader Joe's,Very High,Branch,10000 - 19999,10000.0,19999.0,100,27655000,Data Axle,364cdfc2279835965af90a882cad8aad,"CONAME, Mission Viejo, California",33.592722999824,-117.65871599990665,1756054378117,Synapse54,1756054378117,Synapse54
30,Trader Joe's,Mason Ave,Chatsworth,California,CA,91311,3305,44511003,"44511003, 44532005, 44511006",541105,"541105, 592103, 541107","Grocers-Retail, Wines-Retail, Grocers-Ethnic Foods",,,Trader Joe's,Very High,Branch,10000 - 19999,10000.0,19999.0,60,15833000,Data Axle,2eeec43b552ab08e0b7b8663906774b1,"CONAME, Chatsworth, California",34.25841299974468,-118.57869499972246,1756054378117,Synapse54,1756054378117,Synapse54
31,Trader Joe's,Westlake Ctr,Daly City,California,CA,94015,1432,44511003,"44511003, 44532005, 44511006",541105,"541105, 592103, 541107","Grocers-Retail, Wines-Retail, Grocers-Ethnic Foods",,,Trader Joe's,Very High,Branch,10000 - 19999,10000.0,19999.0,85,23830000,Data Axle,c37ca42f5455517b1a03f4ccb53891f4,"CONAME, Daly City, California",37.69993499991506,-122.4825849996061,1756054378117,Synapse54,1756054378117,Synapse54
32,Trader Joe's,Bay St,San Francisco,California,CA,94133,1860,44511003,"44511003, 44532005, 44511006",541105,"541105, 592103, 541107","Grocers-Retail, Wines-Retail, Grocers-Ethnic Foods",,,Trader Joe's,Very High,Branch,10000 - 19999,10000.0,19999.0,80,21379000,Data Axle,6f1795d7f5c8a32d1a5b2d92e79f86dd,"CONAME, San Francisco, California",37.805380000023256,-122.41436000013944,1756054378117,Synapse54,1756054378117,Synapse54
33,Trader Joe's,Front St,Santa Cruz,California,CA,95060,4525,44511003,"44511003, 44532005, 44511006",541105,"541105, 592103, 541107","Grocers-Retail, Wines-Retail, Grocers-Ethnic Foods",,,Trader Joe's,Very High,Branch,10000 - 19999,10000.0,19999.0,80,20700000,Data Axle,3654dceb9f2f40e736a4e305b6e5a67d,"CONAME, Santa Cruz, California",36.974552000148606,-122.02430199959903,1756054378117,Synapse54,1756054378117,Synapse54
34,Trader Joe's,Bruceville Rd,Elk Grove,California,CA,95757,5950,44511003,"44511003, 44532005, 44511006",541105,"541105, 592103, 541107","Grocers-Retail, Wines-Retail, Grocers-Ethnic Foods",,,Trader Joe's,Very High,Branch,10000 - 19999,10000.0,19999.0,40,11285000,Data Axle,c6852ce342ba07516dd940308dea0c63,"CONAME, Elk Grove, California",38.4066560000151,-121.42023300035363,1756054378117,Synapse54,1756054378117,Synapse54
35,Trader Joe's,S Shamrock Ave,Monrovia,California,CA,91016,6346,56111022,"56111022, 44511003, 54161303",874130,"874130, 541105, 874213","Management Services, Grocers-Retail, Marketing Programs & Services",,,,Very High,Headquarters,100000+,100000.0,,120,22905000,Data Axle,3cba884c1cbd86a1c21a616404dc7a9e,"CONAME, Monrovia, California",34.142763000227156,-117.99021000007713,1756054378117,Synapse54,1756054378117,Synapse54
36,Trader Joe's,S Sepulveda Blvd,Los Angeles,California,CA,90034,6010,44511003,"44511003, 44532005, 44511006",541105,"541105, 592103, 541107","Grocers-Retail, Wines-Retail, Grocers-Ethnic Foods",,,Trader Joe's,Very High,Branch,10000 - 19999,10000.0,19999.0,90,23749000,Data Axle,7553e4afbed5832ecd38e885e1361292,"CONAME, Los Angeles, California",34.02043100004988,-118.4222149998961,1756054378117,Synapse54,1756054378117,Synapse54
37,Trader Joe's,E Pacific Coast Hwy,Newport Beach,California,CA,92657,,44511003,"44511003, 44532005, 44511006",541105,"541105, 592103, 541107","Grocers-Retail, Wines-Retail, Grocers-Ethnic Foods",,,Trader Joe's,High,Branch,10000 - 19999,10000.0,19999.0,60,16593000,Data Axle,48b57023f4ca6cbd7db8bc8e285d2c47,"CONAME, Newport Beach, California",33.56863118986889,-117.83271388978174,1756054378117,Synapse54,1756054378117,Synapse54
38,Trader Joe's,N Bellflower Blvd,Long Beach,California,CA,90815,2017,44511003,"44511003, 44532005, 44511006",541105,"541105, 592103, 541107","Grocers-Retail, Wines-Retail, Grocers-Ethnic Foods",,,Trader Joe's,Very High,Branch,10000 - 19999,10000.0,19999.0,150,6333000,Data Axle,8660561ffbc54f7eb2c2a247548210d1,"CONAME, Long Beach, California",33.79691699996244,-118.12287100036343,1756054378117,Synapse54,1756054378117,Synapse54
39,Trader Joe's,East Ave,Chico,California,CA,95926,1239,44511003,"44511003, 44532005, 44511006",541105,"541105, 592103, 541107","Grocers-Retail, Wines-Retail, Grocers-Ethnic Foods",,,Trader Joe's,Very High,Branch,10000 - 19999,10000.0,19999.0,80,23335000,Data Axle,7b7ff4c683349ca2db74fa116dd9ceaf,"CONAME, Chico, California",39.75961499993179,-121.84764700001304,1756054378117,Synapse54,1756054378117,Synapse54
40,Trader Joe's,Mc Lellan Dr,South San Francisco,California,CA,94080,7513,44511003,"44511003, 44532005, 44511006",541105,"541105, 592103, 541107","Grocers-Retail, Wines-Retail, Grocers-Ethnic Foods",,,Trader Joe's,Very High,Branch,10000 - 19999,10000.0,19999.0,120,33642000,Data Axle,ea39dd2e6065b3c4c8112e1732c25ff7,"CONAME, South San Francisco, California",37.66493199997511,-122.4461430003561,1756054378117,Synapse54,1756054378117,Synapse54
41,Trader Joe's,E Avenida De Los Arboles,Thousand Oaks,California,CA,91360,7608,44511003,"44511003, 44532005, 44511006",541105,"541105, 592103, 541107","Grocers-Retail, Wines-Retail, Grocers-Ethnic Foods",,,Trader Joe's,Very High,Branch,10000 - 19999,10000.0,19999.0,100,29226000,Data Axle,ed9c46b250fddc83c55fa3d1fcb2144c,"CONAME, Thousand Oaks, California",34.21879499967551,-118.86917200037682,1756054378117,Synapse54,1756054378117,Synapse54
42,Trader Joe's,Washington St,La Quinta,California,CA,92253,2398,44511003,"44511003, 44532005, 44511006",541105,"541105, 592103, 541107","Grocers-Retail, Wines-Retail, Grocers-Ethnic Foods",,,Trader Joe's,Very High,Branch,10000 - 19999,10000.0,19999.0,60,17134000,Data Axle,013e55d54b0de7eb67567838b5be3484,"CONAME, La Quinta, California",33.71198600024165,-116.29424199973293,1756054378117,Synapse54,1756054378117,Synapse54
43,Trader Joe's,Redwood Blvd,Novato,California,CA,94945,7710,44511003,"44511003, 44532005, 44511006",541105,"541105, 592103, 541107","Grocers-Retail, Wines-Retail, Grocers-Ethnic Foods",,,Trader Joe's,Very High,Branch,10000 - 19999,10000.0,19999.0,80,22704000,Data Axle,0bd185b701ab9fc6622518dae725b707,"CONAME, Novato, California",38.111789000288695,-122.56790900021298,1756054378117,Synapse54,1756054378117,Synapse54
44,Trader Joe's,El Camino Real,Palo Alto,California,CA,94301,2350,44511003,"44511003, 44532005, 44511006",541105,"541105, 592103, 541107","Grocers-Retail, Wines-Retail, Grocers-Ethnic Foods",,,Trader Joe's,Very High,Branch,10000 - 19999,10000.0,19999.0,60,15840000,Data Axle,b33cec58394726ba891225295b4f38ae,"CONAME, Palo Alto, California",37.439423999986374,-122.15864300038363,1756054378117,Synapse54,1756054378117,Synapse54
45,Trader Joe's,Cabot Dr,Corona,California,CA,92883,0864,44511003,"44511003, 44532005, 44511006",541105,"541105, 592103, 541107","Grocers-Retail, Wines-Retail, Grocers-Ethnic Foods",,,Trader Joe's,Very High,Branch,10000 - 19999,10000.0,19999.0,8,3998000,Data Axle,594943c59d4922fcfec68db417314d0d,"CONAME, Corona, California",33.812252999856625,-117.50764900004741,1756054378117,Synapse54,1756054378117,Synapse54
46,Trader Joe's,Vine St,Los Angeles,California,CA,90028,8803,44511003,"44511003, 72251117, 44532005, 44511006",541105,"541105, 581208, 592103, 541107","Grocers-Retail, Restaurants, Wines-Retail, Grocers-Ethnic Foods",,,Trader Joe's,Very High,Branch,10000 - 19999,10000.0,19999.0,17,4486000,Data Axle,df9c7a5efd0e1aeed17d63d2de637ed0,"CONAME, Los Angeles, California",34.100597000169,-118.32589299982595,1756054378117,Synapse54,1756054378117,Synapse54
47,Trader Joe's,Hawthorne Blvd,Rancho Palos Verdes,California,CA,90275,5354,44511003,"44511003, 44532005, 44511006",541105,"541105, 592103, 541107","Grocers-Retail, Wines-Retail, Grocers-Ethnic Foods",,,Trader Joe's,Very High,Branch,10000 - 19999,10000.0,19999.0,60,15833000,Data Axle,425a3e43e3ed01abcfd28946339c4546,"CONAME, Rancho Palos Verdes, California",33.74914399993915,-118.40697500025264,1756054378117,Synapse54,1756054378117,Synapse54
48,Trader Joe's,Danville Sq,Danville,California,CA,94526,,44511003,44511003,541105,541105,Grocers-Retail,,,Trader Joe's,Low,Branch,10000 - 19999,10000.0,19999.0,10,2844000,Data Axle,282fcea64e959cffc16b534e5fc6241f,"CONAME, Danville, California",37.81793300018865,-121.99974499991713,1756054378117,Synapse54,1756054378117,Synapse54
49,Trader Joe's,Algonquin St,Huntington Beach,California,CA,92649,3810,44511003,"44511003, 45521904, 44532005, 44511006",541105,"541105, 533102, 592103, 541107","Grocers-Retail, Trading Posts, Wines-Retail, Grocers-Ethnic Foods",,,Trader Joe's,Very High,Branch,10000 - 19999,10000.0,19999.0,13,6914000,Data Axle,99cd9b239517087c96dd3232a38064a3,"CONAME, Huntington Beach, California",33.71757099988969,-118.05147000002326,1756054378117,Synapse54,1756054378117,Synapse54
50,Trader Joe's,E Bidwell St,Folsom,California,CA,95630,3354,44511003,"44511003, 44532005, 44511006",541105,"541105, 592103, 541107","Grocers-Retail, Wines-Retail, Grocers-Ethnic Foods",,,Trader Joe's,Very High,Branch,10000 - 19999,10000.0,19999.0,80,22569000,Data Axle,8ef54d981d937fa7e932e658a6211b50,"CONAME, Folsom, California",38.67251200002106,-121.15593599997806,1756054378117,Synapse54,1756054378117,Synapse54
51,Trader Joe's,University Ave,Berkeley,California,CA,94703,1680,44511003,"44511003, 44532005, 44511006",541105,"541105, 592103, 541107","Grocers-Retail, Wines-Retail, Grocers-Ethnic Foods",,,Trader Joe's,High,Branch,10000 - 19999,10000.0,19999.0,100,27561000,Data Axle,9533b8bf7ea59b756a5c74f159c6144b,"CONAME, Berkeley, California",37.871623999666426,-122.27331499995023,1756054378117,Synapse54,1756054378117,Synapse54
52,Trader Joe's,W Hillsdale Blvd,San Mateo,California,CA,94403,3424,44511003,"44511003, 44532005, 44511006",541105,"541105, 592103, 541107","Grocers-Retail, Wines-Retail, Grocers-Ethnic Foods",,,Trader Joe's,Very High,Branch,10000 - 19999,10000.0,19999.0,60,16821000,Data Axle,d8253262fb3004596772e78703b5ae23,"CONAME, San Mateo, California",37.53534200012521,-122.29837100029775,1756054378117,Synapse54,1756054378117,Synapse54
53,Trader Joe's,Canwood St,Agoura Hills,California,CA,91301,4540,44511003,"44511003, 45511003, 44532005, 44511006",541105,"541105, 531104, 592103, 541107","Grocers-Retail, Retail Shops, Wines-Retail, Grocers-Ethnic Foods",,,Trader Joe's,Very High,Branch,10000 - 19999,10000.0,19999.0,26,6861000,Data Axle,04ebf275473cf1dfbbe3d411e1a5ce5c,"CONAME, Agoura Hills, California",34.14644500027029,-118.7565839997429,1756054378117,Synapse54,1756054378117,Synapse54
54,Trader Joe's,Russell Blvd,Davis,California,CA,95616,3426,44511003,"44511003, 44532005, 44511006",541105,"541105, 592103, 541107","Grocers-Retail, Wines-Retail, Grocers-Ethnic Foods",,,Trader Joe's,Very High,Branch,10000 - 19999,10000.0,19999.0,100,22718000,Data Axle,7510d17a58342ac33e87e99bef7a070f,"CONAME, Davis, California",38.54677200022853,-121.76148899990315,1756054378117,Synapse54,1756054378117,Synapse54
55,Trader Joe's,Dale Rd,Modesto,California,CA,95356,0578,44511003,"44511003, 44532005, 44511006",541105,"541105, 592103, 541107","Grocers-Retail, Wines-Retail, Grocers-Ethnic Foods",,,Trader Joe's,Very High,Branch,10000 - 19999,10000.0,19999.0,8,4255000,Data Axle,3da41c1c267386deeb3674fb3973a65c,"CONAME, Modesto, California",37.68659600008755,-121.04934000034278,1756054378117,Synapse54,1756054378117,Synapse54
56,Trader Joe's,S Mills Rd,Ventura,California,CA,93003,3456,44511003,"44511003, 44532005, 44511006",541105,"541105, 592103, 541107","Grocers-Retail, Wines-Retail, Grocers-Ethnic Foods",,,Trader Joe's,Very High,Branch,10000 - 19999,10000.0,19999.0,100,29226000,Data Axle,8c9b06588f71ba12212f01b3acddc02a,"CONAME, Ventura, California",34.27167300007064,-119.24920599980072,1756054378117,Synapse54,1756054378117,Synapse54
57,Trader Joe's,S Western Ave,Rancho Palos Verdes,California,CA,90275,0824,44511003,"44511003, 45511003, 44532005, 44511006",541105,"541105, 531104, 592103, 541107","Grocers-Retail, Retail Shops, Wines-Retail, Grocers-Ethnic Foods",,,Trader Joe's,Very High,Branch,10000 - 19999,10000.0,19999.0,38,10028000,Data Axle,5d50bd57f1179bac14c36ae06c380b19,"CONAME, Rancho Palos Verdes, California",33.755893999644165,-118.31140999969266,1756054378117,Synapse54,1756054378117,Synapse54
58,Trader Joe's,Railroad Ave,Danville,California,CA,94526,3852,44511003,"44511003, 44532005, 44511006",541105,"541105, 592103, 541107","Grocers-Retail, Wines-Retail, Grocers-Ethnic Foods",,,Trader Joe's,Very High,Branch,10000 - 19999,10000.0,19999.0,60,17062000,Data Axle,efbb5b31f86e0eb25369fc43299f4270,"CONAME, Danville, California",37.822919000171424,-122.00322700021412,1756054378117,Synapse54,1756054378117,Synapse54
59,Trader Joe's,Hibert St,San Diego,California,CA,92131,1020,44511003,"44511003, 44532005, 44511006",541105,"541105, 592103, 541107","Grocers-Retail, Wines-Retail, Grocers-Ethnic Foods",,,Trader Joe's,Very High,Branch,10000 - 19999,10000.0,19999.0,80,21694000,Data Axle,38478eda6ec7280ab48fad55904a494e,"CONAME, San Diego, California",32.914301999799264,-117.11518000033617,1756054378117,Synapse54,1756054378117,Synapse54
60,Trader Joe's,Culver Blvd,Culver City,California,CA,90232,2636,44511003,"44511003, 44532005, 44511006, 45712008",541105,"541105, 592103, 541107, 554112","Grocers-Retail, Wines-Retail, Grocers-Ethnic Foods, Electric Charging Station",,,Trader Joe's,Very High,Branch,10000 - 19999,10000.0,19999.0,80,21110000,Data Axle,366331fda8f9dc5230360c6cc5327f6d,"CONAME, Culver City, California",34.02516900005681,-118.39293099961215,1756054378117,Synapse54,1756054378117,Synapse54
61,Trader Joe's,Prospect Rd,San Jose,California,CA,95129,5031,44511003,"44511003, 44532005, 44511006",541105,"541105, 592103, 541107","Grocers-Retail, Wines-Retail, Grocers-Ethnic Foods",,,Trader Joe's,Very High,Branch,10000 - 19999,10000.0,19999.0,107,28247000,Data Axle,3a3bc5986ad52b3a336cceed28666c19,"CONAME, San Jose, California",37.29395099987928,-121.9947510002497,1756054378117,Synapse54,1756054378117,Synapse54
62,Trader Joe's,W 17th St,Costa Mesa,California,CA,92627,3654,44511003,"44511003, 44532005, 44511006",541105,"541105, 592103, 541107","Grocers-Retail, Wines-Retail, Grocers-Ethnic Foods",,,Trader Joe's,Very High,Branch,10000 - 19999,10000.0,19999.0,120,33186000,Data Axle,bacb5afe99b34df4c0a3e34cb4038f82,"CONAME, Costa Mesa, California",33.63678500028247,-117.92463400033098,1756054378117,Synapse54,1756054378117,Synapse54
63,Trader Joe's,Stockdale Hwy,Bakersfield,California,CA,93311,1004,44511003,"44511003, 72251117, 44532005, 44511006",541105,"541105, 581208, 592103, 541107","Grocers-Retail, Restaurants, Wines-Retail, Grocers-Ethnic Foods",,,Trader Joe's,Very High,Branch,10000 - 19999,10000.0,19999.0,45,13001000,Data Axle,b1e8490746c6eeb478b15ee64d66acd9,"CONAME, Bakersfield, California",35.35622300036405,-119.09398600034808,1756054378117,Synapse54,1756054378117,Synapse54
64,Trader Joe's,Colorado Blvd,Eagle Rock,California,CA,90041,1441,44511003,"44511003, 44511006, 44532005",541105,"541105, 541107, 592103","Grocers-Retail, Grocers-Ethnic Foods, Wines-Retail",,,Trader Joe's,Very High,Branch,10000 - 19999,10000.0,19999.0,55,14513000,Data Axle,08330e8bb6bc76432b01cb2a4691f840,"CONAME, Eagle Rock, California",34.13913300029249,-118.20037500023372,1756054378117,Synapse54,1756054378117,Synapse54
65,Trader Joe's,Honolulu Ave,Montrose,California,CA,91020,1804,44511003,"44511003, 44532005, 44511006",541105,"541105, 592103, 541107","Grocers-Retail, Wines-Retail, Grocers-Ethnic Foods",,,Trader Joe's,Very High,Branch,10000 - 19999,10000.0,19999.0,80,21110000,Data Axle,d361791df293776f4608f1f7d07afc07,"CONAME, Montrose, California",34.20687300030197,-118.23290999993762,1756054378117,Synapse54,1756054378117,Synapse54
66,Trader Joe's,Argonaut Way,Fremont,California,CA,94538,1308,44511003,"44511003, 44532005, 44511006",541105,"541105, 592103, 541107","Grocers-Retail, Wines-Retail, Grocers-Ethnic Foods",,,Trader Joe's,Very High,Branch,10000 - 19999,10000.0,19999.0,75,20671000,Data Axle,e2d91ddb9fb735e0234fee01b29d3f0e,"CONAME, Fremont, California",37.543418999809006,-121.98611200007869,1756054378117,Synapse54,1756054378117,Synapse54
67,Trader Joe's,Mission St,South Pasadena,California,CA,91030,3037,44511003,"44511003, 44532005, 44511006",541105,"541105, 592103, 541107","Grocers-Retail, Wines-Retail, Grocers-Ethnic Foods",,,Trader Joe's,Very High,Branch,10000 - 19999,10000.0,19999.0,100,26387000,Data Axle,5db1f3f42554fee899730b4ebdec7c03,"CONAME, South Pasadena, California",34.11529399984459,-118.1629279999798,1756054378117,Synapse54,1756054378117,Synapse54
68,Trader Joe's,Lakeshore Ave,Oakland,California,CA,94610,2720,44511003,"44511003, 44532005, 44511006",541105,"541105, 592103, 541107","Grocers-Retail, Wines-Retail, Grocers-Ethnic Foods",,,Trader Joe's,Very High,Branch,10000 - 19999,10000.0,19999.0,100,27561000,Data Axle,e551fa119e65450e46de990d63e56a6c,"CONAME, Oakland, California",37.809736999965416,-122.24424999994937,1756054378117,Synapse54,1756054378117,Synapse54
69,Trader Joe's,Hyde St,San Francisco,California,CA,94109,4916,44511003,"44511003, 44532005, 44511006",541105,"541105, 592103, 541107","Grocers-Retail, Wines-Retail, Grocers-Ethnic Foods",,,Trader Joe's,Very High,Branch,10000 - 19999,10000.0,19999.0,100,26723000,Data Axle,ad86b8b14ab07ae97641cb93e60ea33b,"CONAME, San Francisco, California",37.7906099998763,-122.41797899980544,1756054378117,Synapse54,1756054378117,Synapse54
70,Trader Joe's,Brookhurst St,Huntington Beach,California,CA,92646,7354,44511003,"44511003, 44529812, 44532005, 44511006",541105,"541105, 549920, 592103, 541107","Grocers-Retail, Gourmet Shops, Wines-Retail, Grocers-Ethnic Foods",,,Trader Joe's,Very High,Branch,10000 - 19999,10000.0,19999.0,21,8850000,Data Axle,2386a4a5cd8bb19e1daf9b0d52f3fd3e,"CONAME, Huntington Beach, California",33.65136800012826,-117.95489500023311,1756054378117,Synapse54,1756054378117,Synapse54
71,Trader Joe's,College Ave,Oakland,California,CA,94618,1628,44511003,"44511003, 44532005, 44511006",541105,"541105, 592103, 541107","Grocers-Retail, Wines-Retail, Grocers-Ethnic Foods",,,Trader Joe's,Very High,Branch,10000 - 19999,10000.0,19999.0,150,41341000,Data Axle,78c2ed1a37e0a768bd3d0bb10627ed44,"CONAME, Oakland, California",37.845551000187896,-122.25277500031758,1756054378117,Synapse54,1756054378117,Synapse54
72,Trader Joe's,S Fairfax Ave,Los Angeles,California,CA,90036,2172,44511003,"44511003, 44532005, 44511006",541105,"541105, 592103, 541107","Grocers-Retail, Wines-Retail, Grocers-Ethnic Foods",,,Trader Joe's,Very High,Branch,10000 - 19999,10000.0,19999.0,100,26387000,Data Axle,6193d205c097ac0d15b648ce9776111d,"CONAME, Los Angeles, California",34.07217899975615,-118.36176199968882,1756054378117,Synapse54,1756054378117,Synapse54
73,Trader Joe's,Burton Way,Los Angeles,California,CA,90048,3387,44511003,"44511003, 44532005, 44511006",541105,"541105, 592103, 541107","Grocers-Retail, Wines-Retail, Grocers-Ethnic Foods",,,Trader Joe's,Very High,Branch,10000 - 19999,10000.0,19999.0,13,3167000,Data Axle,9a9913cf589e67280d45c208797aeb6f,"CONAME, Los Angeles, California",34.07099200017218,-118.37675600018332,1756054378117,Synapse54,1756054378117,Synapse54
74,Trader Joe's,Camino Del Rio N,San Diego,California,CA,92108,3283,44511003,"44511003, 44532005, 44511006, 44529812",541105,"541105, 592103, 541107, 549920","Grocers-Retail, Wines-Retail, Grocers-Ethnic Foods, Gourmet Shops",,,Trader Joe's,High,Branch,10000 - 19999,10000.0,19999.0,100,27117000,Data Axle,c3a7adeb4941696aa47afb659aac0859,"CONAME, San Diego, California",32.76567300020224,-117.15504699998175,1756054378117,Synapse54,1756054378117,Synapse54
75,Trader Joe's,Carmel Mountain Rd,San Diego,California,CA,92128,4615,44511003,"44511003, 44532005, 44511006",541105,"541105, 592103, 541107","Grocers-Retail, Wines-Retail, Grocers-Ethnic Foods",,,Trader Joe's,Very High,Branch,10000 - 19999,10000.0,19999.0,42,11389000,Data Axle,8f68459bd546aeeff4ef016ece6145cb,"CONAME, San Diego, California",32.98199900006356,-117.07485800040594,1756054378117,Synapse54,1756054378117,Synapse54
76,Trader Joe's,W El Camino Real,Sunnyvale,California,CA,94087,1306,44511003,"44511003, 44532005, 44511006, 42482005, 44921002",541105,"541105, 592103, 541107, 518203, 572202","Grocers-Retail, Wines-Retail, Grocers-Ethnic Foods, Wines-Wholesale, Appliances-Household-Major-Dealers",,,Trader Joe's,Very High,Branch,10000 - 19999,10000.0,19999.0,60,15840000,Data Axle,4de96a38d546e42bbb58829de3a1d4dc,"CONAME, Sunnyvale, California",37.36816599994871,-122.03610099985173,1756054378117,Synapse54,1756054378117,Synapse54
77,Trader Joe's,Concord Ave,Concord,California,CA,94520,5626,44511003,"44511003, 44532005, 44511006, 44529812",541105,"541105, 592103, 541107, 549920","Grocers-Retail, Wines-Retail, Grocers-Ethnic Foods, Gourmet Shops",,,Trader Joe's,Very High,Branch,10000 - 19999,10000.0,19999.0,9,5403000,Data Axle,1028e4c88ba597468044f2ee39cf71e6,"CONAME, Concord, California",37.97913599971488,-122.0564510004119,1756054378117,Synapse54,1756054378117,Synapse54
78,Trader Joe's,Grossmont Center Dr,La Mesa,California,CA,91942,3008,44511003,"44511003, 44532005, 44511006",541105,"541105, 592103, 541107","Grocers-Retail, Wines-Retail, Grocers-Ethnic Foods",,,Trader Joe's,Very High,Branch,10000 - 19999,10000.0,19999.0,125,33896000,Data Axle,a2a1faccdd61b8d1cd76486924650e25,"CONAME, La Mesa, California",32.779174000111674,-117.00565800007263,1756054378117,Synapse54,1756054378117,Synapse54
79,Trader Joe's,Main St,Huntington Beach,California,CA,92648,1722,44511003,"44511003, 44532005, 44511006",541105,"541105, 592103, 541107","Grocers-Retail, Wines-Retail, Grocers-Ethnic Foods",,,Trader Joe's,Very High,Branch,10000 - 19999,10000.0,19999.0,75,20742000,Data Axle,76288df961e5270933dd732e287b8857,"CONAME, Huntington Beach, California",33.69237699964865,-117.99269300011628,1756054378117,Synapse54,1756054378117,Synapse54
80,Trader Joe's,Culver Dr,Irvine,California,CA,92604,0306,44511003,"44511003, 44532005, 44511006",541105,"541105, 592103, 541107","Grocers-Retail, Wines-Retail, Grocers-Ethnic Foods",,,Trader Joe's,Very High,Branch,10000 - 19999,10000.0,19999.0,70,19359000,Data Axle,92fd478d853232c1dbf51bf179f2db78,"CONAME, Irvine, California",33.70625099980652,-117.78833500011207,1756054378117,Synapse54,1756054378117,Synapse54
81,Trader Joe's,Marconi Ave,Sacramento,California,CA,95821,5105,44511003,"44511003, 44532005, 44511006",541105,"541105, 592103, 541107","Grocers-Retail, Wines-Retail, Grocers-Ethnic Foods",,,Trader Joe's,Very High,Branch,10000 - 19999,10000.0,19999.0,65,18337000,Data Axle,b74d6d9ae9c5edd3b62d90ecbb7e468d,"CONAME, Sacramento, California",38.61844200003495,-121.40007799978714,1756054378117,Synapse54,1756054378117,Synapse54
82,Trader Joe's,Menlo Ave,Menlo Park,California,CA,94025,4704,44511003,"44511003, 44532005, 44511006",541105,"541105, 592103, 541107","Grocers-Retail, Wines-Retail, Grocers-Ethnic Foods",,,Trader Joe's,Very High,Branch,10000 - 19999,10000.0,19999.0,70,19624000,Data Axle,d8c91bf8d73905487d86edb0bceb5811,"CONAME, Menlo Park, California",37.45125499977039,-122.18353800017435,1756054378117,Synapse54,1756054378117,Synapse54
83,Trader Joe's,Hyperion Ave,Los Angeles,California,CA,90027,3002,44511003,"44511003, 42399019, 44532005, 44511006",541105,"541105, 509905, 592103, 541107","Grocers-Retail, Importers (Whls), Wines-Retail, Grocers-Ethnic Foods",,,Trader Joe's,Very High,Branch,10000 - 19999,10000.0,19999.0,70,18471000,Data Axle,ab5ef4aa1edfab0ee9a37ab5a2b432c9,"CONAME, Los Angeles, California",34.107647000121084,-118.27166400042091,1756054378117,Synapse54,1756054378117,Synapse54
84,Trader Joe's,Orange St,Redlands,California,CA,92374,3208,44511003,"44511003, 44532005, 44511006",541105,"541105, 592103, 541107","Grocers-Retail, Wines-Retail, Grocers-Ethnic Foods",,,Trader Joe's,Very High,Branch,10000 - 19999,10000.0,19999.0,90,23672000,Data Axle,981c450b0b553543dbdab06a864e9722,"CONAME, Redlands, California",34.06054400019317,-117.18108599979519,1756054378117,Synapse54,1756054378117,Synapse54
85,Trader Joe's,Sunrise Blvd,Fair Oaks,California,CA,95628,3539,44511003,"44511003, 44532005",541105,"541105, 592103","Grocers-Retail, Wines-Retail",,,Trader Joe's,Very High,Branch,10000 - 19999,10000.0,19999.0,49,13824000,Data Axle,a9d1ac77769e411454fd9dd0c174e85c,"CONAME, Fair Oaks, California",38.66280899982896,-121.27388900000018,1756054378117,Synapse54,1756054378117,Synapse54
86,Trader Joe's,Camino De Los Mares,San Clemente,California,CA,92673,2891,44511003,"44511003, 44532005, 44511006",541105,"541105, 592103, 541107","Grocers-Retail, Wines-Retail, Grocers-Ethnic Foods",,,Trader Joe's,Very High,Branch,10000 - 19999,10000.0,19999.0,60,16593000,Data Axle,ec88206b845e201b443f056f446fb067,"CONAME, San Clemente, California",33.457828000049204,-117.65139499983569,1756054378117,Synapse54,1756054378117,Synapse54
87,Trader Joe's,Cleveland Ave,Santa Rosa,California,CA,95403,2119,44511003,"44511003, 44532005, 44511006",541105,"541105, 592103, 541107","Grocers-Retail, Wines-Retail, Grocers-Ethnic Foods",,,Trader Joe's,Very High,Branch,10000 - 19999,10000.0,19999.0,15,6658000,Data Axle,488b05575c854709e5b2d92e39e63657,"CONAME, Santa Rosa, California",38.473590999902775,-122.73217700009052,1756054378117,Synapse54,1756054378117,Synapse54
88,Trader Joe's,S Grant St,San Mateo,California,CA,94402,,44511003,"44511003, 44532005, 44511006",541105,"541105, 592103, 541107","Grocers-Retail, Wines-Retail, Grocers-Ethnic Foods",,,Trader Joe's,Very High,Branch,10000 - 19999,10000.0,19999.0,100,28035000,Data Axle,c85be5646b23838347ef9ef3a6c64639,"CONAME, San Mateo, California",37.55456100015215,-122.30261549959103,1756054378117,Synapse54,1756054378117,Synapse54
89,Trader Joe's,N El Camino Real,Encinitas,California,CA,92024,2802,44511003,"44511003, 44532005, 44511006",541105,"541105, 592103, 541107","Grocers-Retail, Wines-Retail, Grocers-Ethnic Foods",,,Trader Joe's,High,Branch,10000 - 19999,10000.0,19999.0,102,27659000,Data Axle,3c55d7656213b2b49675de32ea2cdc07,"CONAME, Encinitas, California",33.0477539997188,-117.25947699977026,1756054378117,Synapse54,1756054378117,Synapse54
90,Trader Joe's,Manhattan Beach Blvd,Manhattan Beach,California,CA,90266,6221,44511003,"44511003, 44532005, 44511006",541105,"541105, 592103, 541107","Grocers-Retail, Wines-Retail, Grocers-Ethnic Foods",,,Trader Joe's,Very High,Branch,10000 - 19999,10000.0,19999.0,60,15833000,Data Axle,b3f8b4307db801ab8a0eacc22a1dc689,"CONAME, Manhattan Beach, California",33.88763400022387,-118.37985400034073,1756054378117,Synapse54,1756054378117,Synapse54
91,Trader Joe's,Clares St,Capitola,California,CA,95010,2539,44511003,"44511003, 44532005, 44511006",541105,"541105, 592103, 541107","Grocers-Retail, Wines-Retail, Grocers-Ethnic Foods",,,Trader Joe's,Very High,Branch,10000 - 19999,10000.0,19999.0,100,25875000,Data Axle,6fa4b61616c3b638055bd812229bec43,"CONAME, Capitola, California",36.978609000134085,-121.9693710000371,1756054378117,Synapse54,1756054378117,Synapse54
92,Trader Joe's,Pacific Ave,Stockton,California,CA,95207,3717,44511003,"44511003, 44532005, 44511006",541105,"541105, 592103, 541107","Grocers-Retail, Wines-Retail, Grocers-Ethnic Foods",,,Trader Joe's,High,Branch,10000 - 19999,10000.0,19999.0,74,20295000,Data Axle,35b0b5333990efdb9f9a40b2d60a9f48,"CONAME, Stockton, California",38.009470999749034,-121.32013799973339,1756054378117,Synapse54,1756054378117,Synapse54
93,Trader Joe's,Town Center Way,Palm Desert,California,CA,92260,2796,44511003,"44511003, 44532005, 44511006",541105,"541105, 592103, 541107","Grocers-Retail, Wines-Retail, Grocers-Ethnic Foods",,,Trader Joe's,Very High,Branch,10000 - 19999,10000.0,19999.0,70,19989000,Data Axle,ab175d68f3ad4fe4b3a722e5df200b71,"CONAME, Palm Desert, California",33.72779800017239,-116.39693099982213,1756054378117,Synapse54,1756054378117,Synapse54
94,Trader Joe's,S Bascom Ave,Campbell,California,CA,95008,2310,44511003,"44511003, 44532005, 44511006, 44529823",541105,"541105, 592103, 541107, 549918","Grocers-Retail, Wines-Retail, Grocers-Ethnic Foods, Oriental Goods",,,Trader Joe's,Very High,Branch,10000 - 19999,10000.0,19999.0,100,26399000,Data Axle,81ec0e2e9278415b718c700666713dcc,"CONAME, Campbell, California",37.28814899973747,-121.93348399973256,1756054378117,Synapse54,1756054378117,Synapse54
95,Trader Joe's,Christie Ave,Emeryville,California,CA,94608,2400,44511003,"44511003, 44532005, 44511006",541105,"541105, 592103, 541107","Grocers-Retail, Wines-Retail, Grocers-Ethnic Foods",,,Trader Joe's,Very High,Branch,10000 - 19999,10000.0,19999.0,60,16537000,Data Axle,bed671228ed6ea7cccc11f9ac3713bed,"CONAME, Emeryville, California",37.836985000151024,-122.29424600029344,1756054378117,Synapse54,1756054378117,Synapse54
96,Trader Joe's,Vista Way,Oceanside,California,CA,92054,6175,44511003,"44511003, 42442005, 44532005, 44511006",541105,"541105, 514101, 592103, 541107","Grocers-Retail, Food Products (Whls), Wines-Retail, Grocers-Ethnic Foods",,,Trader Joe's,High,Branch,10000 - 19999,10000.0,19999.0,45,12203000,Data Axle,5478d8e39b11f489205dc4d32573c750,"CONAME, Oceanside, California",33.183303000249566,-117.33198600014818,1756054378117,Synapse54,1756054378117,Synapse54
97,Trader Joe's,Villa La Jolla Dr,La Jolla,California,CA,92037,2356,44511003,"44511003, 44532005, 44511006",541105,"541105, 592103, 541107","Grocers-Retail, Wines-Retail, Grocers-Ethnic Foods",,,Trader Joe's,Very High,Branch,10000 - 19999,10000.0,19999.0,101,27388000,Data Axle,3fcc87b19eb88780c0f297d9b7cfbde4,"CONAME, La Jolla, California",32.86630399993827,-117.23180600003744,1756054378117,Synapse54,1756054378117,Synapse54
98,Trader Joe's,Avenida De La Carlota,Laguna Hills,California,CA,92653,3602,44511003,"44511003, 44532005, 44511006",541105,"541105, 592103, 541107","Grocers-Retail, Wines-Retail, Grocers-Ethnic Foods",,,Trader Joe's,Very High,Branch,10000 - 19999,10000.0,19999.0,50,13828000,Data Axle,15a0b411b4c3611c549299e6f57efcc7,"CONAME, Laguna Hills, California",33.609863999692834,-117.70295500032705,1756054378117,Synapse54,1756054378117,Synapse54
99,Trader Joe's,Pico Blvd,Santa Monica,California,CA,90405,2114,44511003,"44511003, 44532005, 44511006",541105,"541105, 592103, 541107","Grocers-Retail, Wines-Retail, Grocers-Ethnic Foods",,,Trader Joe's,Very High,Branch,10000 - 19999,10000.0,19999.0,114,30082000,Data Axle,6c3c467658e748f5999b893344878700,"CONAME, Santa Monica, California",34.026352999927724,-118.45577999981997,1756054378117,Synapse54,1756054378117,Synapse54
100,Trader Joe's,S Sepulveda Blvd,Westchester,California,CA,90045,4001,44511003,"44511003, 44532005, 44511006",541105,"541105, 592103, 541107","Grocers-Retail, Wines-Retail, Grocers-Ethnic Foods",,,Trader Joe's,Very High,Branch,10000 - 19999,10000.0,19999.0,50,13194000,Data Axle,89c5222089e3a13202b2e1bbdfd089ad,"CONAME, Westchester, California",33.95873400037109,-118.39671099983495,1756054378117,Synapse54,1756054378117,Synapse54
101,Trader Joe's,Winchester Rd,Temecula,California,CA,92591,5510,44511003,"44511003, 44532005, 44511006",541105,"541105, 592103, 541107","Grocers-Retail, Wines-Retail, Grocers-Ethnic Foods",,,Trader Joe's,Very High,Branch,10000 - 19999,10000.0,19999.0,85,24273000,Data Axle,d81bcfab899f533ca0633ab5bbd2991d,"CONAME, Temecula, California",33.52887100035304,-117.15610499979076,1756054378117,Synapse54,1756054378117,Synapse54
102,Trader Joe's,Burbank Blvd,Encino,California,CA,91316,1725,44511003,"44511003, 44532005, 44511006",541105,"541105, 592103, 541107","Grocers-Retail, Wines-Retail, Grocers-Ethnic Foods",,,Trader Joe's,Very High,Branch,10000 - 19999,10000.0,19999.0,72,18999000,Data Axle,5672f1b09f3c1ca734eb8e236ed517f5,"CONAME, Encino, California",34.171841000323326,-118.51776200001447,1756054378117,Synapse54,1756054378117,Synapse54
103,Trader Joe's,Street Of The Golden Lantern,Laguna Niguel,California,CA,92677,,44511003,"44511003, 44532005, 44511006",541105,"541105, 592103, 541107","Grocers-Retail, Wines-Retail, Grocers-Ethnic Foods",,,Trader Joe's,High,Branch,10000 - 19999,10000.0,19999.0,70,19359000,Data Axle,eb5d02a78f3c158a5f2797f9868994bc,"CONAME, Laguna Niguel, California",33.49288630968472,-117.69638522988713,1756054378117,Synapse54,1756054378117,Synapse54
104,Trader Joe's,Gateway Blvd,Fairfield,California,CA,94533,6905,44511003,"44511003, 44532005, 44511006",541105,"541105, 592103, 541107","Grocers-Retail, Wines-Retail, Grocers-Ethnic Foods",,,Trader Joe's,Very High,Branch,10000 - 19999,10000.0,19999.0,90,26307000,Data Axle,7118c5fbaccb5ce0fccfe385ac01d957,"CONAME, Fairfield, California",38.263926000137836,-122.05280699973324,1756054378117,Synapse54,1756054378117,Synapse54
105,Trader Joe's,Carmen Dr,Camarillo,California,CA,93010,6033,44511003,"44511003, 44532005, 44511006",541105,"541105, 592103, 541107","Grocers-Retail, Wines-Retail, Grocers-Ethnic Foods",,,Trader Joe's,Very High,Branch,10000 - 19999,10000.0,19999.0,98,28642000,Data Axle,a5b8a39a8e2c260a1c7ae78ed7786f70,"CONAME, Camarillo, California",34.21972999977151,-119.05321400015606,1756054378117,Synapse54,1756054378117,Synapse54
106,Trader Joe's,Campus Dr,Irvine,California,CA,92612,2752,44511003,"44511003, 44532005, 44511006",541105,"541105, 592103, 541107","Grocers-Retail, Wines-Retail, Grocers-Ethnic Foods",,,Trader Joe's,High,Branch,10000 - 19999,10000.0,19999.0,35,9680000,Data Axle,d91b898e4524628aa5e61a737f6aea7e,"CONAME, Irvine, California",33.64932800025349,-117.83971899997802,1756054378117,Synapse54,1756054378117,Synapse54
107,Trader Joe's,Towne Center Dr,Cerritos,California,CA,90703,8585,44511003,"44511003, 44532005, 44511006",541105,"541105, 592103, 541107","Grocers-Retail, Wines-Retail, Grocers-Ethnic Foods",,,Trader Joe's,Very High,Branch,10000 - 19999,10000.0,19999.0,55,14513000,Data Axle,4c2091ef0f79216c613aa0af38d77cee,"CONAME, Cerritos, California",33.869305999670146,-118.05800500027178,1756054378117,Synapse54,1756054378117,Synapse54
108,Trader Joe's,W Huntington Dr,Monrovia,California,CA,91016,3297,44511003,"44511003, 44532005, 44511006",541105,"541105, 592103, 541107","Grocers-Retail, Wines-Retail, Grocers-Ethnic Foods",,,Trader Joe's,High,Branch,10000 - 19999,10000.0,19999.0,80,21110000,Data Axle,417ef8197b6597512bb47afdcb4781cb,"CONAME, Monrovia, California",34.14017099973682,-118.0123092998715,1756054378117,Synapse54,1756054378117,Synapse54
109,Trader Joe's,S Centre City Pkwy,Escondido,California,CA,92025,6525,44511003,"44511003, 44532005, 44511006",541105,"541105, 592103, 541107","Grocers-Retail, Wines-Retail, Grocers-Ethnic Foods",,,Trader Joe's,Very High,Branch,10000 - 19999,10000.0,19999.0,70,18982000,Data Axle,22cc92974702a5b725965057e391ae95,"CONAME, Escondido, California",33.100171000098115,-117.07484900018511,1756054378117,Synapse54,1756054378117,Synapse54
110,Trader Joe's,Mt Diablo Blvd,Lafayette,California,CA,94549,3735,44511003,"44511003, 44532005, 44511006",541105,"541105, 592103, 541107","Grocers-Retail, Wines-Retail, Grocers-Ethnic Foods",,,Trader Joe's,Very High,Branch,10000 - 19999,10000.0,19999.0,70,19906000,Data Axle,be762e377f8a0ba01e45c820eb5621ff,"CONAME, Lafayette, California",37.89022799974609,-122.12693399978683,1756054378117,Synapse54,1756054378117,Synapse54
111,Trader Joe's,Rancho Pkwy,Arroyo Grande,California,CA,93420,1970,44511003,"44511003, 44532005, 44511006",541105,"541105, 592103, 541107","Grocers-Retail, Wines-Retail, Grocers-Ethnic Foods",,,Trader Joe's,High,Branch,10000 - 19999,10000.0,19999.0,90,25742000,Data Axle,ededa85caae6a3337321eed132377617,"CONAME, Arroyo Grande, California",35.13338700016618,-120.5898949998713,1756054378117,Synapse54,1756054378117,Synapse54
112,Trader Joe's,E Palm Canyon Dr,Cathedral City,California,CA,92234,5455,44511003,"44511003, 44532005, 44511006",541105,"541105, 592103, 541107","Grocers-Retail, Wines-Retail, Grocers-Ethnic Foods",,,Trader Joe's,Very High,Branch,10000 - 19999,10000.0,19999.0,52,14849000,Data Axle,5379885733b3330b7398a14d779e2e14,"CONAME, Cathedral City, California",33.78923800033766,-116.48309099958186,1756054378117,Synapse54,1756054378117,Synapse54
113,Trader Joe's,Ventura Blvd,Studio City,California,CA,91604,2606,44511003,"44511003, 44532005, 44511006",541105,"541105, 592103, 541107","Grocers-Retail, Wines-Retail, Grocers-Ethnic Foods",,,Trader Joe's,Very High,Branch,10000 - 19999,10000.0,19999.0,130,34303000,Data Axle,fe65667e0059c94b35c92191982a05f2,"CONAME, Studio City, California",34.14287599992666,-118.39331300010191,1756054378117,Synapse54,1756054378117,Synapse54
114,Trader Joe's,Calle Real,Goleta,California,CA,93117,2315,44511003,"44511003, 44532005, 44511006",541105,"541105, 592103, 541107","Grocers-Retail, Wines-Retail, Grocers-Ethnic Foods",,,Trader Joe's,Very High,Branch,10000 - 19999,10000.0,19999.0,100,30545000,Data Axle,3e7bb1884fb3c7a43922d914f9b41981,"CONAME, Goleta, California",34.440819999770405,-119.82493999968958,1756054378117,Synapse54,1756054378117,Synapse54
115,Trader Joe's,Oak Grove Rd,Concord,California,CA,94518,3608,44511003,"44511003, 44532005, 44511006",541105,"541105, 592103, 541107","Grocers-Retail, Wines-Retail, Grocers-Ethnic Foods",,,Trader Joe's,Very High,Branch,10000 - 19999,10000.0,19999.0,40,11375000,Data Axle,509aad5c78e7c8183d9fc4afab65f25c,"CONAME, Concord, California",37.936858000238466,-122.02479500041686,1756054378117,Synapse54,1756054378117,Synapse54
116,Trader Joe's,S California Blvd,Walnut Creek,California,CA,94596,5125,44511003,"44511003, 44532005, 44511006",541105,"541105, 592103, 541107","Grocers-Retail, Wines-Retail, Grocers-Ethnic Foods",,,Trader Joe's,Very High,Branch,10000 - 19999,10000.0,19999.0,80,22750000,Data Axle,f88f00708c14b579b78ad0b260ed04c3,"CONAME, Walnut Creek, California",37.893090000311396,-122.0604919998523,1756054378117,Synapse54,1756054378117,Synapse54
117,Trader Joe's,Showers Dr,Mountain View,California,CA,94040,1430,44511003,"44511003, 44532005, 44511006",541105,"541105, 592103, 541107","Grocers-Retail, Wines-Retail, Grocers-Ethnic Foods",,,Trader Joe's,Very High,Branch,10000 - 19999,10000.0,19999.0,90,23759000,Data Axle,a7c24ea3fab0d402e2104f906e983c2f,"CONAME, Mountain View, California",37.402038000321134,-122.11078299974912,1756054378117,Synapse54,1756054378117,Synapse54
118,Trader Joe's,Irvine Blvd,Irvine,California,CA,92620,2103,44511003,"44511003, 44532005, 44511006",541105,"541105, 592103, 541107","Grocers-Retail, Wines-Retail, Grocers-Ethnic Foods",,,Trader Joe's,High,Branch,10000 - 19999,10000.0,19999.0,45,12445000,Data Axle,761bc08f2193a37ab5a7562a6fc9d4b6,"CONAME, Irvine, California",33.70034899996744,-117.74101799962577,1756054378117,Synapse54,1756054378117,Synapse54
119,Trader Joe's,Truxtun Rd,San Diego,California,CA,92106,6149,44511003,"44511003, 44532005, 44511006",541105,"541105, 592103, 541107","Grocers-Retail, Wines-Retail, Grocers-Ethnic Foods",,,Trader Joe's,Very High,Branch,10000 - 19999,10000.0,19999.0,85,23050000,Data Axle,407f201555d31420eb023000774f365c,"CONAME, San Diego, California",32.73576300016998,-117.21663599981585,1756054378117,Synapse54,1756054378117,Synapse54
120,Trader Joe's,Laurel Rd,Morgan Hill,California,CA,95037,4415,44511003,"44511003, 44532005, 44511006",541105,"541105, 592103, 541107","Grocers-Retail, Wines-Retail, Grocers-Ethnic Foods",,,Trader Joe's,Very High,Branch,10000 - 19999,10000.0,19999.0,40,10560000,Data Axle,9ebc1159441dd2af11057f027732802d,"CONAME, Morgan Hill, California",37.131176000065125,-121.63827100005196,1756054378117,Synapse54,1756054378117,Synapse54
121,Trader Joe's,Lone Tree Way,Brentwood,California,CA,94513,5325,44511003,"44511003, 44532005",541105,"541105, 592103","Grocers-Retail, Wines-Retail",,,Trader Joe's,Very High,Branch,10000 - 19999,10000.0,19999.0,23,6541000,Data Axle,e8dcf939962ad450b30b017aff56fd20,"CONAME, Brentwood, California",37.96059599990069,-121.75002600010944,1756054378117,Synapse54,1756054378117,Synapse54
122,Trader Joe's,Rossi Rd,Templeton,California,CA,93465,3632,44511003,"44511003, 44532005, 44511006",541105,"541105, 592103, 541107","Grocers-Retail, Wines-Retail, Grocers-Ethnic Foods",,,Trader Joe's,Very High,Branch,10000 - 19999,10000.0,19999.0,60,17162000,Data Axle,a3b984482c066bb98ec7d399efa2cdaf,"CONAME, Templeton, California",35.54194599996534,-120.71517800018522,1756054378117,Synapse54,1756054378117,Synapse54
123,Trader Joe's,E Stanley Blvd,Livermore,California,CA,94550,4156,44511003,"44511003, 44532005, 44511006",541105,"541105, 592103, 541107","Grocers-Retail, Wines-Retail, Grocers-Ethnic Foods",,,Trader Joe's,Very High,Branch,10000 - 19999,10000.0,19999.0,60,16537000,Data Axle,7106a0213a8473d166e59f64620ef66f,"CONAME, Livermore, California",37.68027700035411,-121.7819370003726,1756054378117,Synapse54,1756054378117,Synapse54
124,Trader Joe's,Coleman Ave,San Jose,California,CA,95110,2000,44511003,"44511003, 42441009, 44532005, 44511006",541105,"541105, 514109, 592103, 541107","Grocers-Retail, Markets & Grocers Equip & Supls (Whls), Wines-Retail, Grocers-Ethnic Foods",,,Trader Joe's,Very High,Branch,10000 - 19999,10000.0,19999.0,60,15840000,Data Axle,c3a4b03b002ed39cbaa3a9e12683dc48,"CONAME, San Jose, California",37.34099599992986,-121.90938599963496,1756054378117,Synapse54,1756054378117,Synapse54
125,Trader Joe's,El Camino Real,San Carlos,California,CA,94070,5102,44511003,"44511003, 44532005, 44511006",541105,"541105, 592103, 541107","Grocers-Retail, Wines-Retail, Grocers-Ethnic Foods",,,Trader Joe's,Very High,Branch,10000 - 19999,10000.0,19999.0,100,28035000,Data Axle,a3a29efd78d911579694c341b0a2c8be,"CONAME, San Carlos, California",37.49664299989208,-122.24827200002152,1756054378117,Synapse54,1756054378117,Synapse54
126,Trader Joe's,Eastlake Pkwy,Chula Vista,California,CA,91914,4545,44511003,"44511003, 44532005, 44511006",541105,"541105, 592103, 541107","Grocers-Retail, Wines-Retail, Grocers-Ethnic Foods",,,Trader Joe's,Very High,Branch,10000 - 19999,10000.0,19999.0,80,21694000,Data Axle,9dd846da9dcd78922189a55ca45ed7f5,"CONAME, Chula Vista, California",32.65145299992704,-116.97049300001643,1756054378117,Synapse54,1756054378117,Synapse54
127,Trader Joe's,Rosecrans Ave,Manhattan Beach,California,CA,90266,3773,44511003,"44511003, 44532005, 44511006",541105,"541105, 592103, 541107","Grocers-Retail, Wines-Retail, Grocers-Ethnic Foods",,,Trader Joe's,Very High,Branch,10000 - 19999,10000.0,19999.0,8,4222000,Data Axle,12cdbb902cf61a88ab21ee0ff22971a7,"CONAME, Manhattan Beach, California",33.900504999964205,-118.37967400041569,1756054378117,Synapse54,1756054378117,Synapse54
128,Trader Joe's,Ventura Blvd,Woodland Hills,California,CA,91364,2202,44511003,"44511003, 44532005, 44511006",541105,"541105, 592103, 541107","Grocers-Retail, Wines-Retail, Grocers-Ethnic Foods",,,Trader Joe's,Very High,Branch,10000 - 19999,10000.0,19999.0,100,26387000,Data Axle,6d4a5669d8380da052cf39371e207af5,"CONAME, Woodland Hills, California",34.16724499981604,-118.59234600000256,1756054378117,Synapse54,1756054378117,Synapse54
129,Trader Joe's,Haven Ave,Rancho Cucamonga,California,CA,91737,3859,44511003,"44511003, 44532005, 44511006",541105,"541105, 592103, 541107","Grocers-Retail, Wines-Retail, Grocers-Ethnic Foods",,,Trader Joe's,Very High,Branch,10000 - 19999,10000.0,19999.0,60,15782000,Data Axle,b4f0f10633e2a93b66ae61886992899f,"CONAME, Rancho Cucamonga, California",34.13770899999272,-117.5744380003116,1756054378117,Synapse54,1756054378117,Synapse54
130,Trader Joe's,Peyton Dr,Chino Hills,California,CA,91709,1606,44511003,"44511003, 44532005, 44511006",541105,"541105, 592103, 541107","Grocers-Retail, Wines-Retail, Grocers-Ethnic Foods",,,Trader Joe's,Very High,Branch,10000 - 19999,10000.0,19999.0,36,9469000,Data Axle,121908e50b526cdc48bc7f79ce1fe617,"CONAME, Chino Hills, California",34.00053799986101,-117.73209999979552,1756054378117,Synapse54,1756054378117,Synapse54
131,Trader Joe's,Pinole Valley Rd,Pinole,California,CA,94564,1425,44511003,"44511003, 44532005, 44511006",541105,"541105, 592103, 541107","Grocers-Retail, Wines-Retail, Grocers-Ethnic Foods",,,Trader Joe's,Very High,Branch,10000 - 19999,10000.0,19999.0,25,7110000,Data Axle,0666a9696974b2c9deb57671fd8ff1d5,"CONAME, Pinole, California",37.99502999967969,-122.28643899997564,1756054378117,Synapse54,1756054378117,Synapse54
132,Trader Joe's,Bollinger Rd,San Jose,California,CA,95129,2750,44511003,"44511003, 44532005, 44511006",541105,"541105, 592103, 541107","Grocers-Retail, Wines-Retail, Grocers-Ethnic Foods",,,Trader Joe's,Very High,Branch,10000 - 19999,10000.0,19999.0,60,15840000,Data Axle,62bc4a8e31961f837b53b831281d4b26,"CONAME, San Jose, California",37.31177799983151,-122.03093499975685,1756054378117,Synapse54,1756054378117,Synapse54
133,Trader Joe's,Glendon Ave,Los Angeles,California,CA,90024,2908,44511003,"44511003, 44532005, 44511006",541105,"541105, 592103, 541107","Grocers-Retail, Wines-Retail, Grocers-Ethnic Foods",,,Trader Joe's,Very High,Branch,10000 - 19999,10000.0,19999.0,80,21110000,Data Axle,a0d921b0ffec5c3bef3b863b324e3ca6,"CONAME, Los Angeles, California",34.06167299990392,-118.44366699974793,1756054378117,Synapse54,1756054378117,Synapse54
134,Trader Joe's,Munras Ave,Monterey,California,CA,93940,3014,44511003,"44511003, 44532005, 44511006",541105,"541105, 592103, 541107","Grocers-Retail, Wines-Retail, Grocers-Ethnic Foods",,,Trader Joe's,Very High,Branch,10000 - 19999,10000.0,19999.0,82,22466000,Data Axle,0b3b56d8b47462df011e8cd458cac360,"CONAME, Monterey, California",36.596485999905326,-121.8944670003819,1756054378117,Synapse54,1756054378117,Synapse54
135,Trader Joe's,Winston Dr,San Francisco,California,CA,94132,1921,44511003,"44511003, 44532005, 44511006",541105,"541105, 592103, 541107","Grocers-Retail, Wines-Retail, Grocers-Ethnic Foods",,,Trader Joe's,Very High,Branch,10000 - 19999,10000.0,19999.0,140,37412000,Data Axle,269a47456de14eb86e8f83d0d058bbc7,"CONAME, San Francisco, California",37.726600999882535,-122.47662799966588,1756054378117,Synapse54,1756054378117,Synapse54
136,Trader Joe's,W Sunset Blvd,Los Angeles,California,CA,90046,2439,44511003,"44511003, 44532005, 81299029, 44511006",541105,"541105, 592103, 729941, 541107","Grocers-Retail, Wines-Retail, Shopping Service-Personal, Grocers-Ethnic Foods",,,Trader Joe's,Very High,Branch,10000 - 19999,10000.0,19999.0,70,18471000,Data Axle,bba1789fbb09396ca78caaf1ed09730e,"CONAME, Los Angeles, California",34.09747199988618,-118.36514000022873,1756054378117,Synapse54,1756054378117,Synapse54
137,Trader Joe's,Gateway Rd,Carlsbad,California,CA,92009,1726,44511003,"44511003, 44532005, 44511006",541105,"541105, 592103, 541107","Grocers-Retail, Wines-Retail, Grocers-Ethnic Foods",,,Trader Joe's,Very High,Branch,10000 - 19999,10000.0,19999.0,95,25761000,Data Axle,a3024f30edac7e7c88c5cd996fcb0cd5,"CONAME, Carlsbad, California",33.12666300015031,-117.2546560003552,1756054378117,Synapse54,1756054378117,Synapse54
138,Trader Joe's,S Bradley Rd,Santa Maria,California,CA,93454,8005,44511003,"44511003, 42441005, 44532005, 44511006",541105,"541105, 514105, 592103, 541107","Grocers-Retail, Grocers-Wholesale, Wines-Retail, Grocers-Ethnic Foods",,,Trader Joe's,Very High,Branch,10000 - 19999,10000.0,19999.0,61,18633000,Data Axle,7105b270f15575d715c2f298c924dcab,"CONAME, Santa Maria, California",34.93770200018779,-120.42129699995003,1756054378117,Synapse54,1756054378117,Synapse54
139,Trader Joe's,Browning St,Redding,California,CA,96003,3815,44511003,"44511003, 44532005, 44511006",541105,"541105, 592103, 541107","Grocers-Retail, Wines-Retail, Grocers-Ethnic Foods",,,Trader Joe's,Very High,Branch,10000 - 19999,10000.0,19999.0,1,343000,Data Axle,f20a12693c97c27323d915d5f0318d27,"CONAME, Redding, California",40.5917059998809,-122.35712800011322,1756054378117,Synapse54,1756054378117,Synapse54
140,Trader Joe's,Redwood Hwy,Greenbrae,California,CA,94904,2466,44511003,"44511003, 44532005, 44511006",541105,"541105, 592103, 541107","Grocers-Retail, Wines-Retail, Grocers-Ethnic Foods",,,Trader Joe's,Very High,Branch,10000 - 19999,10000.0,19999.0,28,7947000,Data Axle,585400e104d55fa8deff3644412b7810,"CONAME, Greenbrae, California",37.93765800001832,-122.51487400016103,1756054378117,Synapse54,1756054378117,Synapse54
141,Trader Joe's,W Foothill Blvd,Claremont,California,CA,91711,2701,44511003,"44511003, 44532005, 44511006",541105,"541105, 592103, 541107","Grocers-Retail, Wines-Retail, Grocers-Ethnic Foods",,,Trader Joe's,High,Branch,10000 - 19999,10000.0,19999.0,21,4486000,Data Axle,431b71f078bc37d95ec822945adddd16,"CONAME, Claremont, California",34.107164999942086,-117.72197699984312,1756054378117,Synapse54,1756054378117,Synapse54
142,Trader Joe's,E Glenoaks Blvd,Glendale,California,CA,91207,2007,44511003,"44511003, 44532005, 45619103, 44511006",541105,"541105, 592103, 549901, 541107","Grocers-Retail, Wines-Retail, Health & Diet Foods-Retail, Grocers-Ethnic Foods",,,Trader Joe's,High,Branch,10000 - 19999,10000.0,19999.0,90,23749000,Data Axle,a42fc58cac88364931c0fab9bd595cbd,"CONAME, Glendale, California",34.1591540001904,-118.25444499963011,1756054378117,Synapse54,1756054378117,Synapse54
143,Trader Joe's,Highlands Pl,San Diego,California,CA,92130,2401,44511003,"44511003, 44532005, 44511006",541105,"541105, 592103, 541107","Grocers-Retail, Wines-Retail, Grocers-Ethnic Foods",,,Trader Joe's,Very High,Branch,10000 - 19999,10000.0,19999.0,90,24405000,Data Axle,b1eab3f9df27f53f85abc66f835c341c,"CONAME, San Diego, California",32.96114499988758,-117.19134600001493,1756054378117,Synapse54,1756054378117,Synapse54
144,Trader Joe's,W Olympic Blvd,Los Angeles,California,CA,90064,1211,44511003,"44511003, 44532005, 44511006",541105,"541105, 592103, 541107","Grocers-Retail, Wines-Retail, Grocers-Ethnic Foods",,,Trader Joe's,Very High,Branch,10000 - 19999,10000.0,19999.0,100,26387000,Data Axle,68ee66ffb288423dd3f9516c71d49287,"CONAME, Los Angeles, California",34.03373599979772,-118.44956699978673,1756054378117,Synapse54,1756054378117,Synapse54
145,Trader Joe's,N Reino Rd,Thousand Oaks,California,CA,91320,3710,44511003,"44511003, 44532005, 44511006",541105,"541105, 592103, 541107","Grocers-Retail, Wines-Retail, Grocers-Ethnic Foods",,,Trader Joe's,Very High,Branch,10000 - 19999,10000.0,19999.0,60,17536000,Data Axle,54434579d0673075a565fbee9989afd9,"CONAME, Thousand Oaks, California",34.17993499985097,-118.95362999989696,1756054378117,Synapse54,1756054378117,Synapse54
146,Trader Joe's,Huntington Dr,Pasadena,California,CA,91107,5516,44511003,"44511003, 81299029, 44532005, 44511006",541105,"541105, 729941, 592103, 541107","Grocers-Retail, Shopping Service-Personal, Wines-Retail, Grocers-Ethnic Foods",,,Trader Joe's,Very High,Branch,1 - 1499,1.0,1499.0,33,8708000,Data Axle,6447648ce976bf2272fc3cf352ad8050,"CONAME, Pasadena, California",34.127901000327284,-118.08946500044823,1756054378117,Synapse54,1756054378117,Synapse54
147,Trader Joe's,Aliso Creek Rd,Aliso Viejo,California,CA,92656,4852,44511003,"44511003, 44532005, 81299029, 44511006",541105,"541105, 592103, 729941, 541107","Grocers-Retail, Wines-Retail, Shopping Service-Personal, Grocers-Ethnic Foods",,,Trader Joe's,Very High,Branch,10000 - 19999,10000.0,19999.0,10,5255000,Data Axle,b1f72a72fce153ab829c601d0860fd8a,"CONAME, Aliso Viejo, California",33.57742599980945,-117.72462700028687,1756054378117,Synapse54,1756054378117,Synapse54
148,Trader Joe's,Garnet Ave,San Diego,California,CA,92109,3116,44511003,"44511003, 44532005, 23822002, 42373003, 44511006",541105,"541105, 592103, 171117, 507505, 541107","Grocers-Retail, Wines-Retail, Air Conditioning Contractors & Systems, Air Conditioning Supplies & Parts (Whls), Grocers-Ethnic Foods",,,Trader Joe's,Very High,Branch,10000 - 19999,10000.0,19999.0,100,27117000,Data Axle,ab8f69b44fade564eee323eb176ad977,"CONAME, San Diego, California",32.80065799992901,-117.24060099984405,1756054378117,Synapse54,1756054378117,Synapse54
149,Trader Joe's,Long Beach Blvd,Long Beach,California,CA,90807,2004,44511003,"44511003, 44532005, 44511006",541105,"541105, 592103, 541107","Grocers-Retail, Wines-Retail, Grocers-Ethnic Foods",,,Trader Joe's,Very High,Branch,10000 - 19999,10000.0,19999.0,20,5278000,Data Axle,77546e909b71936c9aced61e6ffa1733,"CONAME, Long Beach, California",33.835046000066896,-118.18900000030352,1756054378117,Synapse54,1756054378117,Synapse54
150,Trader Joe's,Irvine Blvd,Tustin,California,CA,92780,3529,44511003,"44511003, 44532005, 45619102, 44511006",541105,"541105, 592103, 549909, 541107","Grocers-Retail, Wines-Retail, Foods-Natural, Grocers-Ethnic Foods",,,Trader Joe's,High,Branch,10000 - 19999,10000.0,19999.0,92,25443000,Data Axle,91be4ed95b8f70393f3a20d3931e57a7,"CONAME, Tustin, California",33.74724799974314,-117.80821100012099,1756054378117,Synapse54,1756054378117,Synapse54
151,Trader Joe's,W Slauson Ave,Culver City,California,CA,90230,6483,44511003,"44511003, 44532005, 44511006, 42469005",541105,"541105, 592103, 541107, 516911","Grocers-Retail, Wines-Retail, Grocers-Ethnic Foods, Alcohol (Whls)",,,Trader Joe's,Very High,Branch,10000 - 19999,10000.0,19999.0,14,3695000,Data Axle,72b145224ceb6f92ebed2d3541370832,"CONAME, Culver City, California",33.988015000290254,-118.39291100041899,1756054378117,Synapse54,1756054378117,Synapse54
152,Trader Joe's,Pacific Coast Hwy,Hermosa Beach,California,CA,90254,3921,44511003,"44511003, 44511006",541105,"541105, 541107","Grocers-Retail, Grocers-Ethnic Foods",,,Trader Joe's,Very High,Branch,10000 - 19999,10000.0,19999.0,25,6597000,Data Axle,82872c308704ec00dff9af41a1d99a4e,"CONAME, Hermosa Beach, California",33.86379399965387,-118.39189299989462,1756054378117,Synapse54,1756054378117,Synapse54
153,Trader Joe's,4th St,San Francisco,California,CA,94103,3102,44511003,"44511003, 44532005, 44511006",541105,"541105, 592103, 541107","Grocers-Retail, Wines-Retail, Grocers-Ethnic Foods",,,Trader Joe's,Very High,Branch,10000 - 19999,10000.0,19999.0,19,7483000,Data Axle,4730c21e99a8c3dd5c696b13902684f8,"CONAME, San Francisco, California",37.785110000307455,-122.40575600012855,1756054378117,Synapse54,1756054378117,Synapse54
154,Trader Joe's,Santa Monica Blvd,West Hollywood,California,CA,90046,6616,44511003,"44511003, 44532005, 44511006",541105,"541105, 592103, 541107","Grocers-Retail, Wines-Retail, Grocers-Ethnic Foods",,,Trader Joe's,Very High,Branch,10000 - 19999,10000.0,19999.0,18,6861000,Data Axle,b51b9809f96982e2ddda3d214159864d,"CONAME, West Hollywood, California",34.09002300019016,-118.3492620000025,1756054378117,Synapse54,1756054378117,Synapse54
155,Trader Joe's,College Ave,San Diego,California,CA,92115,2447,44511003,"44511003, 44511006",541105,"541105, 541107","Grocers-Retail, Grocers-Ethnic Foods",,,Trader Joe's,Very High,Branch,10000 - 19999,10000.0,19999.0,150,40675000,Data Axle,bcbcfe16debdd56119a6b927272e5fd4,"CONAME, San Diego, California",32.77189200030024,-117.0703299999955,1756054378117,Synapse54,1756054378117,Synapse54
156,Trader Joe's,S Hoover St,Los Angeles,California,CA,90089,1920,44511003,"44511003, 44532005, 44511006",541105,"541105, 592103, 541107","Grocers-Retail, Wines-Retail, Grocers-Ethnic Foods",,,Trader Joe's,Very High,Branch,10000 - 19999,10000.0,19999.0,15,3431000,Data Axle,701e8b2754cc7b0fbb491114f1260c40,"CONAME, Los Angeles, California",34.025725999973034,-118.28506200008268,1756054378117,Synapse54,1756054378117,Synapse54
157,Trader Joe's,N Milpas St,Santa Barbara,California,CA,93103,3202,44511003,"44511003, 44532005, 44511006",541105,"541105, 592103, 541107","Grocers-Retail, Wines-Retail, Grocers-Ethnic Foods",,,Trader Joe's,High,Branch,10000 - 19999,10000.0,19999.0,110,33600000,Data Axle,19f0e84d7e6e36c103e5f0ff5d62ae1c,"CONAME, Santa Barbara, California",34.424120999956926,-119.68227299962672,1756054378117,Synapse54,1756054378117,Synapse54
158,Trader Joe's,Camino Capistrano,San Juan Capistrano,California,CA,92675,3716,44511003,"44511003, 44532005, 44511006",541105,"541105, 592103, 541107","Grocers-Retail, Wines-Retail, Grocers-Ethnic Foods",,,Trader Joe's,Very High,Branch,10000 - 19999,10000.0,19999.0,22,8297000,Data Axle,e049145d37a710bcc942f5f3d2efcbdb,"CONAME, San Juan Capistrano, California",33.495861999854625,-117.66352499962615,1756054378117,Synapse54,1756054378117,Synapse54
159,Trader Joe's,Santa Rita Rd,Pleasanton,California,CA,94588,3462,44511003,"44511003, 44532005, 44511006",541105,"541105, 592103, 541107","Grocers-Retail, Wines-Retail, Grocers-Ethnic Foods",,,Trader Joe's,Very High,Branch,10000 - 19999,10000.0,19999.0,12,6064000,Data Axle,fc217ddbfce0e8054ce0c54933c4f70a,"CONAME, Pleasanton, California",37.696694000252336,-121.87677899996103,1756054378117,Synapse54,1756054378117,Synapse54
160,Trader Joe's,N Friant Rd,Fresno,California,CA,93720,1532,44511003,"44511003, 44532005, 44511006, 45619102",541105,"541105, 592103, 541107, 549909","Grocers-Retail, Wines-Retail, Grocers-Ethnic Foods, Foods-Natural",,,Trader Joe's,Very High,Branch,10000 - 19999,10000.0,19999.0,26,7293000,Data Axle,1794902b7c0941eaa70dce23cf32807b,"CONAME, Fresno, California",36.858330000281946,-119.7824820000498,1756054378117,Synapse54,1756054378117,Synapse54
161,Trader Joe's,3rd St,San Rafael,California,CA,94901,3547,44511003,"44511003, 44532005, 44511006",541105,"541105, 592103, 541107","Grocers-Retail, Wines-Retail, Grocers-Ethnic Foods",,,Trader Joe's,Very High,Branch,10000 - 19999,10000.0,19999.0,100,28380000,Data Axle,211bd2efa2776880ee1637b931ad0994,"CONAME, San Rafael, California",37.969549000002196,-122.51634899972159,1756054378117,Synapse54,1756054378117,Synapse54
162,Trader Joe's,E Pacific Coast Hwy,Long Beach,California,CA,90803,4253,44511003,"44511003, 44532005, 44511006",541105,"541105, 592103, 541107","Grocers-Retail, Wines-Retail, Grocers-Ethnic Foods",,,Trader Joe's,Very High,Branch,10000 - 19999,10000.0,19999.0,8,3431000,Data Axle,832abc978a9fc9187f73fd640bc6a02f,"CONAME, Long Beach, California",33.75777900019032,-118.109042999633,1756054378117,Synapse54,1756054378117,Synapse54
163,Trader Joe's,W Arrow Hwy,San Dimas,California,CA,91773,2446,44511003,"44511003, 44532005, 44511006",541105,"541105, 592103, 541107","Grocers-Retail, Wines-Retail, Grocers-Ethnic Foods",,,Trader Joe's,Very High,Branch,10000 - 19999,10000.0,19999.0,10,6069000,Data Axle,7bfc53889f6d4d4dca06d913ff9ccbc4,"CONAME, San Dimas, California",34.103632999968895,-117.82221600040343,1756054378117,Synapse54,1756054378117,Synapse54
164,Trader Joe's,University Ave,San Diego,California,CA,92103,7307,44511003,"44511003, 44532005, 44511006",541105,"541105, 592103, 541107","Grocers-Retail, Wines-Retail, Grocers-Ethnic Foods",,,Trader Joe's,Very High,Branch,10000 - 19999,10000.0,19999.0,100,27117000,Data Axle,988833f1fe05dc3eae00785bef994cd8,"CONAME, San Diego, California",32.749873000228106,-117.153790999806,1756054378117,Synapse54,1756054378117,Synapse54
165,Trader Joe's,Cochran St,Simi Valley,California,CA,93065,2792,44511003,"44511003, 44532005, 44511006, 42441005",541105,"541105, 592103, 541107, 514105","Grocers-Retail, Wines-Retail, Grocers-Ethnic Foods, Grocers-Wholesale",,,Trader Joe's,Very High,Branch,10000 - 19999,10000.0,19999.0,8,4969000,Data Axle,a5d8dd9ef47d2161b920b690ede4943f,"CONAME, Simi Valley, California",34.281077999692066,-118.73849299981421,1756054378117,Synapse54,1756054378117,Synapse54
166,Trader Joe's,S La Brea Ave,Los Angeles,California,CA,90036,3022,44511003,"44511003, 44532005, 44511006",541105,"541105, 592103, 541107","Grocers-Retail, Wines-Retail, Grocers-Ethnic Foods",,,Trader Joe's,Very High,Branch,10000 - 19999,10000.0,19999.0,75,19791000,Data Axle,a386a84567edbf92160cc858896f21e6,"CONAME, Los Angeles, California",34.06915399970574,-118.34437899976484,1756054378117,Synapse54,1756054378117,Synapse54
167,Trader Joe's,Riverside Ave,Riverside,California,CA,92506,2179,44511003,"44511003, 44532005, 44511006",541105,"541105, 592103, 541107","Grocers-Retail, Wines-Retail, Grocers-Ethnic Foods",,,Trader Joe's,Very High,Branch,10000 - 19999,10000.0,19999.0,14,7425000,Data Axle,e26dd7de4e73b19b71514e592b836f85,"CONAME, Riverside, California",33.9559630001569,-117.3884719996366,1756054378117,Synapse54,1756054378117,Synapse54
168,Trader Joe's,Masonic Ave,San Francisco,California,CA,94118,3485,44511003,"44511003, 44532005, 44511006",541105,"541105, 592103, 541107","Grocers-Retail, Wines-Retail, Grocers-Ethnic Foods",,,Trader Joe's,Very High,Branch,10000 - 19999,10000.0,19999.0,150,40084000,Data Axle,7a4820ad14ca76d0fe57fcb5541dc1f2,"CONAME, San Francisco, California",37.78338600027981,-122.44784399987243,1756054378117,Synapse54,1756054378117,Synapse54
169,Trader Joe's,Almaden Expy,San Jose,California,CA,95118,3637,44511003,"44511003, 44532005, 44511006",541105,"541105, 592103, 541107","Grocers-Retail, Wines-Retail, Grocers-Ethnic Foods",,,Trader Joe's,Very High,Branch,10000 - 19999,10000.0,19999.0,110,29039000,Data Axle,e65308d5d7cb8a39837d7cb81bb8d36c,"CONAME, San Jose, California",37.25329100009067,-121.87792299998377,1756054378117,Synapse54,1756054378117,Synapse54
170,Trader Joe's,Whittier Blvd,Whittier,California,CA,90603,2067,44511003,"44511003, 44532005, 44511006",541105,"541105, 592103, 541107","Grocers-Retail, Wines-Retail, Grocers-Ethnic Foods",,,Trader Joe's,Very High,Branch,10000 - 19999,10000.0,19999.0,9,4222000,Data Axle,930dd03b4d8006b9748d80e3cb426e1e,"CONAME, Whittier, California",33.94928100014657,-118.0054229999564,1756054378117,Synapse54,1756054378117,Synapse54
171,Trader Joe's,Santa Margarita Pkwy,Rancho Santa Margarita,California,CA,92688,2864,44511003,"44511003, 44532005, 44511006",541105,"541105, 592103, 541107","Grocers-Retail, Wines-Retail, Grocers-Ethnic Foods",,,Trader Joe's,Very High,Branch,10000 - 19999,10000.0,19999.0,12,3319000,Data Axle,751ae755295fdbf48af366d4565d7e2d,"CONAME, Rancho Santa Margarita, California",33.64244199992138,-117.59543200040397,1756054378117,Synapse54,1756054378117,Synapse54
172,Trader Joe's,S Higuera St,San Luis Obispo,California,CA,93401,7467,44511003,"44511003, 44532005, 44511006",541105,"541105, 592103, 541107","Grocers-Retail, Wines-Retail, Grocers-Ethnic Foods",,,Trader Joe's,Very High,Branch,10000 - 19999,10000.0,19999.0,23,10011000,Data Axle,03cb92804f68ad389ec5b4a555734fd4,"CONAME, San Luis Obispo, California",35.2450199998635,-120.67327700003906,1756054378117,Synapse54,1756054378117,Synapse54
173,Trader Joe's,Forest Ave,Pacific Grove,California,CA,93950,5123,44511003,"44511003, 44532005, 44511006, 72251117",541105,"541105, 592103, 541107, 581208","Grocers-Retail, Wines-Retail, Grocers-Ethnic Foods, Restaurants",,,Trader Joe's,Very High,Branch,10000 - 19999,10000.0,19999.0,55,15069000,Data Axle,ea0210f6471b4e5cec9c27aad682a1a6,"CONAME, Pacific Grove, California",36.60550200007902,-121.92194099957291,1756054378117,Synapse54,1756054378117,Synapse54
174,Trader Joe's,N Tustin St,Orange,California,CA,92865,3712,44511003,"44511003, 44532005, 44511006, 45521908",541105,"541105, 592103, 541107, 539901","Grocers-Retail, Wines-Retail, Grocers-Ethnic Foods, General Merchandise-Retail",,,Trader Joe's,Very High,Branch,10000 - 19999,10000.0,19999.0,12,6638000,Data Axle,b1ecefc752a7fbcc403aa565e43b2460,"CONAME, Orange, California",33.824456000371384,-117.83790299993565,1756054378117,Synapse54,1756054378117,Synapse54
175,Trader Joe's,Riverside Dr,Toluca Lake,California,CA,91602,2532,44511003,"44511003, 44532005, 44511006",541105,"541105, 592103, 541107","Grocers-Retail, Wines-Retail, Grocers-Ethnic Foods",,,Trader Joe's,Very High,Branch,10000 - 19999,10000.0,19999.0,80,21110000,Data Axle,dc3001a829076d688befeb3c7c9d7085,"CONAME, Toluca Lake, California",34.151907000263925,-118.35191900011893,1756054378117,Synapse54,1756054378117,Synapse54
176,Trader Joe's,Pacific Coast Hwy,Torrance,California,CA,90505,7035,44511003,"44511003, 44532005, 44511006, 44529812",541105,"541105, 592103, 541107, 549920","Grocers-Retail, Wines-Retail, Grocers-Ethnic Foods, Gourmet Shops",,,Trader Joe's,Very High,Branch,10000 - 19999,10000.0,19999.0,12,6333000,Data Axle,129013aa17f03b7004f0c4308c31362c,"CONAME, Torrance, California",33.790642999924216,-118.32986200019464,1756054378117,Synapse54,1756054378117,Synapse54
177,Trader Joe's,E Thousand Oaks Blvd,Westlake Village,California,CA,91362,6630,44511003,"44511003, 44532005, 44511006",541105,"541105, 592103, 541107","Grocers-Retail, Wines-Retail, Grocers-Ethnic Foods",,,Trader Joe's,Very High,Branch,10000 - 19999,10000.0,19999.0,8,4092000,Data Axle,021a87cd4ecd496236171f76043d20ea,"CONAME, Westlake Village, California",34.16344899971188,-118.824691999932,1756054378117,Synapse54,1756054378117,Synapse54
178,Trader Joe's,Fallbrook Ave,West Hills,California,CA,91307,3948,44511003,"44511003, 44532005, 44511006",541105,"541105, 592103, 541107","Grocers-Retail, Wines-Retail, Grocers-Ethnic Foods",,,Trader Joe's,Very High,Branch,10000 - 19999,10000.0,19999.0,90,23749000,Data Axle,5132c29134cfe9dd541589da0bccda47,"CONAME, West Hills, California",34.1929619999546,-118.62581399984205,1756054378117,Synapse54,1756054378117,Synapse54
179,Trader Joe's,Bouquet Canyon Rd,Santa Clarita,California,CA,91350,2377,44511003,"44511003, 44532005, 44511006",541105,"541105, 592103, 541107","Grocers-Retail, Wines-Retail, Grocers-Ethnic Foods",,,Trader Joe's,High,Branch,10000 - 19999,10000.0,19999.0,120,31665000,Data Axle,48da7a0dab5b10a24ad739522a20cabd,"CONAME, Santa Clarita, California",34.427720999894596,-118.53695199976005,1756054378117,Synapse54,1756054378117,Synapse54
180,Trader Joe's,S Arroyo Pkwy,Pasadena,California,CA,91105,3208,44511003,"44511003, 44532005, 44511006",541105,"541105, 592103, 541107","Grocers-Retail, Wines-Retail, Grocers-Ethnic Foods",,,Trader Joe's,Very High,Branch,10000 - 19999,10000.0,19999.0,40,10555000,Data Axle,f8f067ad5f4716c6589eb21d4a80a77e,"CONAME, Pasadena, California",34.135155999826274,-118.14692500008009,1756054378117,Synapse54,1756054378117,Synapse54
181,Trader Joe's,Roseville Sq,Roseville,California,CA,95678,2810,44511003,"44511003, 44532005, 44511006",541105,"541105, 592103, 541107","Grocers-Retail, Wines-Retail, Grocers-Ethnic Foods",,,Trader Joe's,Very High,Branch,10000 - 19999,10000.0,19999.0,10,7334000,Data Axle,1f81af162089dcec04e2d137547dfabb,"CONAME, Roseville, California",38.74566000018254,-121.27615199993132,1756054378117,Synapse54,1756054378117,Synapse54
182,Trader Joe's,Calabasas Rd,Calabasas,California,CA,91302,1599,44511003,"44511003, 44532005, 44511006",541105,"541105, 592103, 541107","Grocers-Retail, Wines-Retail, Grocers-Ethnic Foods",,,Trader Joe's,Very High,Branch,10000 - 19999,10000.0,19999.0,60,15833000,Data Axle,c341719b68a5447540bf041caa01bc4f,"CONAME, Calabasas, California",34.15562100005268,-118.64497099997565,1756054378117,Synapse54,1756054378117,Synapse54
183,Trader Joe's,Admiralty Way,Marina Del Rey,California,CA,90292,6903,44511003,"44511003, 44532005, 44511006",541105,"541105, 592103, 541107","Grocers-Retail, Wines-Retail, Grocers-Ethnic Foods",,,Trader Joe's,Very High,Branch,10000 - 19999,10000.0,19999.0,19,5014000,Data Axle,cbdc492b98f0f0006fd8c4c1a17bce8e,"CONAME, Marina Del Rey, California",33.98062099976192,-118.44391799981808,1756054378117,Synapse54,1756054378117,Synapse54
184,Trader Joe's,W Imperial Hwy,La Habra,California,CA,90631,6383,44511003,"44511003, 44532005, 44511006",541105,"541105, 592103, 541107","Grocers-Retail, Wines-Retail, Grocers-Ethnic Foods",,,Trader Joe's,Very High,Branch,10000 - 19999,10000.0,19999.0,9,4149000,Data Axle,6ce0789a70d2d541dd5f6a29c0e8ab1c,"CONAME, La Habra, California",33.91880100011301,-117.9691799999997,1756054378117,Synapse54,1756054378117,Synapse54
185,Trader Joe's,Wilshire Blvd,Santa Monica,California,CA,90403,5863,44511003,"44511003, 44532005, 44511006",541105,"541105, 592103, 541107","Grocers-Retail, Wines-Retail, Grocers-Ethnic Foods",,,Trader Joe's,Very High,Branch,10000 - 19999,10000.0,19999.0,12,3167000,Data Axle,a9b0023fb75dbeefff35dce6a17d3199,"CONAME, Santa Monica, California",34.033365999794206,-118.48020599998064,1756054378117,Synapse54,1756054378117,Synapse54
186,Trader Joe's,Market Pl,San Ramon,California,CA,94583,4744,44511003,"44511003, 44532005, 44511006",541105,"541105, 592103, 541107","Grocers-Retail, Wines-Retail, Grocers-Ethnic Foods",,,Trader Joe's,High,Branch,10000 - 19999,10000.0,19999.0,11,6541000,Data Axle,ba665663964a3dd06e38b8ca64fc7c67,"CONAME, San Ramon, California",37.7620850002813,-121.95130199984976,1756054378117,Synapse54,1756054378117,Synapse54
187,Trader Joe's,Laurel Canyon Blvd,North Hollywood,California,CA,91606,3280,44511003,"44511003, 44532005, 44511006",541105,"541105, 592103, 541107","Grocers-Retail, Wines-Retail, Grocers-Ethnic Foods",,,Trader Joe's,High,Branch,10000 - 19999,10000.0,19999.0,7,2903000,Data Axle,96973a68d2519d711a6dfb865e6175cf,"CONAME, North Hollywood, California",34.18194000024493,-118.39644499969617,1756054378117,Synapse54,1756054378117,Synapse54
188,Trader Joe's,Great Mall Pkwy,Milpitas,California,CA,95035,8121,44511003,"44511003, 44532005, 44511006",541105,"541105, 592103, 541107","Grocers-Retail, Wines-Retail, Grocers-Ethnic Foods",,,Trader Joe's,High,Branch,10000 - 19999,10000.0,19999.0,16,7920000,Data Axle,4cf4d22595183176f14eb80bbd2e902f,"CONAME, Milpitas, California",37.41220900027529,-121.89577000041328,1756054378117,Synapse54,1756054378117,Synapse54
189,Trader Joe's,Commons Dr,Rocklin,California,CA,95677,3911,44511003,44511003,541105,541105,Grocers-Retail,,,Trader Joe's,Very High,Branch,,,,73,20779000,Data Axle,e8fb5b54fb121aa9aa4cd6688ee819a6,"CONAME, Rocklin, California",38.80285300010212,-121.20917000022162,1756054378117,Synapse54,1756054378117,Synapse54
190,Trader Joe's,Broadway,Santa Monica,California,CA,90401,2988,44511003,"44511003, 44532005, 44511006",541105,"541105, 592103, 541107","Grocers-Retail, Wines-Retail, Grocers-Ethnic Foods",,,Trader Joe's,Very High,Branch,,,,99,26123000,Data Axle,1431f68404d5642c3aca4740b699b99d,"CONAME, Santa Monica, California",34.01575699967627,-118.49200799970806,1756054378117,Synapse54,1756054378117,Synapse54
191,Trader Joe's,Katella Ave,Cypress,California,CA,90720,2805,44511003,44511003,541105,541105,Grocers-Retail,,,Trader Joe's,High,Branch,,,,83,15764000,Data Axle,07dfd7fe80f4f8be1b1506e1ff725094,"CONAME, Cypress, California",33.8031360001839,-118.04113500035876,1756054378117,Synapse54,1756054378117,Synapse54
